sale_id,sales_type_id,vehicle_id,employee_id,customer_id,dealership_id,price,deposit,purchase_date,pickup_date,invoice_number,payment_method
1,1,1,1,1,1,24093.57,6602,2010-04-21 05:52:30,2010-05-05 05:52:30,3380675903,visa-electron
2,1,2,2,2,2,59754.02,11972,2012-01-09 19:38:14,2012-01-28 19:38:14,9453480754,americanexpress
3,1,3,3,3,3,46524.0,6920,2012-09-09 18:32:45,2012-09-29 18:32:45,6996881234,bankcard
4,2,4,4,4,4,39379.93,3699,2016-03-22 08:28:15,2016-04-05 08:28:15,2335007335,switch
5,1,5,5,5,5,97750.26,9165,2013-11-07 09:00:23,2013-12-04 09:00:23,0211841587,diners-club-enroute
6,2,6,6,6,6,27230.88,11476,2014-10-05 11:25:32,2014-10-12 11:25:32,5076439369,americanexpress
7,1,7,7,7,7,57425.85,2140,2006-09-12 12:47:32,2006-09-22 12:47:32,3009585632,jcb
8,1,8,8,8,8,27220.62,11861,2010-10-05 06:37:10,2010-10-18 06:37:10,2996831799,jcb
9,2,9,9,9,9,21136.01,11673,2006-04-05 05:25:21,2006-04-08 05:25:21,8243897437,bankcard
10,2,10,10,10,10,92019.26,9007,2010-01-11 00:08:14,2010-02-05 00:08:14,7756171802,visa-electron
11,2,11,11,11,11,36110.74,10511,2014-07-01 03:14:32,2014-07-04 03:14:32,4161565305,americanexpress
12,2,12,12,12,12,89711.02,1193,2019-07-30 17:57:58,2019-08-22 17:57:58,6539831501,diners-club-carte-blanche
13,2,13,13,13,13,62561.32,16662,2013-01-09 00:10:27,2013-02-04 00:10:27,1854039504,jcb
14,1,14,14,14,14,51279.42,8784,2013-03-26 17:32:37,2013-03-27 17:32:37,3119894346,jcb
15,2,15,15,15,15,26859.8,14660,2007-04-21 12:32:08,2007-04-23 12:32:08,4343102181,jcb
16,1,16,16,16,16,29178.83,5502,2014-08-22 23:13:50,2014-09-17 23:13:50,5324026662,jcb
17,2,17,17,17,17,44493.79,8060,2014-10-07 06:32:56,2014-11-01 06:32:56,9987592805,jcb
18,2,18,18,18,18,53284.51,14944,2019-07-14 17:24:29,2019-08-05 17:24:29,7846989774,jcb
19,1,19,19,19,19,40205.25,13972,2017-06-20 08:49:45,2017-07-02 08:49:45,8692638897,jcb
20,1,20,20,20,20,58228.21,3942,2013-10-17 09:46:12,2013-11-13 09:46:12,6385361012,switch
21,2,21,21,21,21,76464.9,3140,2016-04-21 08:53:57,2016-04-22 08:53:57,7683017612,jcb
22,2,22,22,22,22,70217.11,5836,2008-11-02 02:44:56,2008-11-22 02:44:56,2660480478,jcb
23,2,23,23,23,23,70094.41,4933,2016-07-10 14:53:19,2016-07-23 14:53:19,7662444368,maestro
24,2,24,24,24,24,74791.16,1568,2018-05-11 16:27:02,2018-06-03 16:27:02,0198204450,jcb
25,2,25,25,25,25,41337.42,9275,2016-02-14 15:56:35,2016-03-06 15:56:35,0350171203,diners-club-carte-blanche
26,1,26,26,26,26,23912.39,1914,2013-08-22 02:45:50,2013-08-27 02:45:50,5273116643,jcb
27,2,27,27,27,27,38362.99,17251,2012-06-12 10:46:15,2012-07-07 10:46:15,8712323012,mastercard
28,1,28,28,28,28,46314.5,14238,2007-06-05 17:57:51,2007-06-18 17:57:51,0724957677,jcb
29,1,29,29,29,29,31419.65,8626,2015-11-10 20:29:38,2015-11-12 20:29:38,0950464899,instapayment
30,1,30,30,30,30,24831.37,2592,2016-07-22 06:07:54,2016-07-23 06:07:54,2723911063,jcb
31,1,31,31,31,31,21058.61,10524,2007-04-17 18:36:17,2007-05-07 18:36:17,0212800248,visa-electron
32,2,32,32,32,32,62460.44,5429,2018-08-21 11:50:48,2018-08-30 11:50:48,9246143701,switch
33,2,33,33,33,33,26823.95,15696,2014-03-05 14:33:10,2014-03-19 14:33:10,3427398617,jcb
34,2,34,34,34,34,88863.92,17742,2018-01-28 04:01:06,2018-02-23 04:01:06,1955382387,visa-electron
35,1,35,35,35,35,79499.78,11931,2011-05-07 09:14:02,2011-05-10 09:14:02,9680094553,jcb
36,1,36,36,36,36,29836.64,4979,2008-01-06 13:21:26,2008-01-14 13:21:26,6274027661,maestro
37,2,37,37,37,37,43384.92,6311,2014-02-27 15:28:45,2014-03-07 15:28:45,8808324370,switch
38,1,38,38,38,38,63963.22,14217,2010-06-04 08:58:51,2010-06-25 08:58:51,4982996075,switch
39,1,39,39,39,39,88441.49,10897,2019-06-28 09:42:25,2019-07-10 09:42:25,2167383649,visa
40,1,40,40,40,40,19166.75,4142,2012-05-07 06:24:18,2012-06-05 06:24:18,8842998354,mastercard
41,2,41,41,41,41,66640.25,3734,2009-03-02 05:28:40,2009-03-14 05:28:40,1253457301,maestro
42,1,42,42,42,42,22709.23,14524,2012-10-29 21:23:47,2012-11-21 21:23:47,8674918875,china-unionpay
43,1,43,43,43,43,67275.98,7502,2019-11-10 15:50:59,2019-11-22 15:50:59,1729805418,mastercard
44,1,44,44,44,44,57179.53,9540,2011-10-28 13:11:07,2011-11-24 13:11:07,4339414867,diners-club-carte-blanche
45,1,45,45,45,45,90761.84,15109,2008-06-24 16:15:59,2008-07-24 16:15:59,3282672004,china-unionpay
46,2,46,46,46,46,39389.03,9540,2008-11-24 21:44:56,2008-12-12 21:44:56,6240890170,jcb
47,2,47,47,47,47,23498.52,14891,2008-10-04 10:17:44,2008-10-18 10:17:44,5291431695,switch
48,2,48,48,48,48,80650.43,846,2005-10-26 08:41:28,2005-11-10 08:41:28,2841245403,jcb
49,2,49,49,49,49,40310.28,16265,2008-06-05 10:35:09,2008-06-26 10:35:09,9771501348,jcb
50,1,50,50,50,50,65230.93,8067,2016-12-11 10:14:17,2017-01-02 10:14:17,4359335911,jcb
51,1,51,51,51,51,51711.74,14099,2019-05-07 18:16:57,2019-05-21 18:16:57,2247835481,jcb
52,2,52,52,52,52,26376.1,8848,2012-02-03 00:01:09,2012-03-03 00:01:09,9995780275,jcb
53,2,53,53,53,53,22763.35,6974,2013-04-15 12:05:42,2013-05-04 12:05:42,5539862759,jcb
54,1,54,54,54,54,26272.85,5348,2009-09-03 22:03:12,2009-09-22 22:03:12,2184431540,bankcard
55,1,55,55,55,55,32042.21,6386,2007-12-01 22:50:28,2007-12-08 22:50:28,6625280569,mastercard
56,2,56,56,56,56,52862.17,10701,2020-06-19 13:39:58,2020-07-07 13:39:58,3579090208,jcb
57,2,57,57,57,57,75506.18,17784,2006-02-09 05:56:53,2006-03-07 05:56:53,9171437673,jcb
58,1,58,58,58,58,19203.27,16372,2006-12-16 07:30:24,2006-12-28 07:30:24,1771102721,diners-club-enroute
59,1,59,59,59,59,87212.28,6130,2020-07-03 05:16:12,2020-07-31 05:16:12,5203979588,jcb
60,1,60,60,60,60,30809.63,12955,2016-03-15 21:10:59,2016-04-08 21:10:59,9476291818,jcb
61,1,61,61,61,61,36741.01,5483,2008-02-22 13:15:14,2008-02-28 13:15:14,0525138188,mastercard
62,1,62,62,62,62,68519.09,10873,2017-02-24 05:04:14,2017-02-26 05:04:14,2645464092,diners-club-enroute
63,1,63,63,63,63,18630.76,7623,2015-06-22 22:03:39,2015-06-23 22:03:39,1649408897,jcb
64,2,64,64,64,64,42035.81,8709,2017-11-03 04:15:00,2017-11-17 04:15:00,8519162193,americanexpress
65,2,65,65,65,65,89838.13,8134,2017-05-21 12:44:01,2017-06-10 12:44:01,3297011572,diners-club-carte-blanche
66,1,66,66,66,66,90848.39,7560,2013-06-21 23:48:28,2013-07-06 23:48:28,0004806964,jcb
67,1,67,67,67,67,86953.84,11229,2014-05-17 08:31:32,2014-05-25 08:31:32,8166877600,jcb
68,1,68,68,68,68,77804.88,5410,2019-01-19 02:18:03,2019-01-25 02:18:03,6189099750,laser
69,1,69,69,69,69,76422.18,3433,2006-05-16 16:49:02,2006-06-14 16:49:02,6283396046,laser
70,1,70,70,70,70,54328.75,11551,2011-03-24 20:57:11,2011-04-20 20:57:11,5589529239,instapayment
71,2,71,71,71,71,45804.53,530,2010-02-02 03:35:27,2010-02-11 03:35:27,1576944352,americanexpress
72,1,72,72,72,72,36824.21,2686,2012-02-03 03:34:54,2012-02-06 03:34:54,8741665880,jcb
73,2,73,73,73,73,56248.05,2302,2017-04-12 00:53:13,2017-04-14 00:53:13,3931412075,americanexpress
74,2,74,74,74,74,43574.24,9977,2014-10-05 12:54:46,2014-10-11 12:54:46,6586433460,maestro
75,1,75,75,75,75,54449.85,17999,2010-07-09 02:29:11,2010-08-05 02:29:11,6639395614,switch
76,2,76,76,76,76,40111.31,3295,2017-10-26 10:24:14,2017-10-28 10:24:14,2100616390,jcb
77,1,77,77,77,77,78173.87,13536,2016-05-26 11:00:01,2016-06-12 11:00:01,3954461323,solo
78,2,78,78,78,78,44272.61,7290,2011-12-08 15:02:53,2011-12-16 15:02:53,1513795422,jcb
79,1,79,79,79,79,70687.23,13275,2007-04-27 02:47:06,2007-05-04 02:47:06,1687569894,jcb
80,2,80,80,80,80,77902.36,15934,2015-03-12 18:30:44,2015-04-05 18:30:44,7593952592,diners-club-enroute
81,1,81,81,81,81,48228.22,11097,2009-03-08 16:09:40,2009-03-25 16:09:40,0680785841,diners-club-carte-blanche
82,2,82,82,82,82,81050.43,856,2010-04-30 12:37:19,2010-05-12 12:37:19,1940508584,jcb
83,2,83,83,83,83,23218.15,13579,2009-02-28 08:22:14,2009-03-25 08:22:14,9667027821,china-unionpay
84,1,84,84,84,84,29938.74,9719,2020-04-16 14:19:49,2020-05-16 14:19:49,7342890405,jcb
85,1,85,85,85,85,50676.19,10651,2011-01-30 11:25:55,2011-02-06 11:25:55,9633576970,jcb
86,1,86,86,86,86,25092.94,4721,2006-02-24 09:35:05,2006-03-26 09:35:05,0587681691,jcb
87,1,87,87,87,87,71585.04,15582,2020-07-03 16:24:47,2020-07-23 16:24:47,3634857854,jcb
88,2,88,88,88,88,98041.8,1533,2012-04-17 18:57:48,2012-05-08 18:57:48,6515361998,diners-club-enroute
89,2,89,89,89,89,48029.38,11665,2015-11-01 05:46:23,2015-11-24 05:46:23,8137555404,jcb
90,2,90,90,90,90,48854.97,7502,2017-01-11 16:32:14,2017-01-12 16:32:14,6498443472,diners-club-carte-blanche
91,2,91,91,91,91,30996.96,13824,2016-06-22 21:32:25,2016-07-12 21:32:25,6566940162,diners-club-enroute
92,2,92,92,92,92,45053.43,9110,2014-12-15 20:27:32,2015-01-11 20:27:32,1974933326,jcb
93,1,93,93,93,93,92004.49,7762,2013-02-10 09:43:58,2013-02-22 09:43:58,7941022192,visa-electron
94,2,94,94,94,94,73428.26,17474,2011-10-24 00:03:37,2011-10-30 00:03:37,1142126846,jcb
95,1,95,95,95,95,56096.76,13345,2006-07-09 02:28:38,2006-08-02 02:28:38,3324771803,jcb
96,2,96,96,96,96,61107.7,15171,2011-04-24 21:11:16,2011-05-14 21:11:16,8595502595,jcb
97,2,97,97,97,97,42807.64,15161,2012-03-05 11:20:43,2012-03-16 11:20:43,3050877995,jcb
98,1,98,98,98,98,72350.47,14885,2005-12-22 10:06:14,2005-12-29 10:06:14,0970445652,diners-club-carte-blanche
99,2,99,99,99,99,68149.67,701,2013-10-10 09:08:08,2013-10-14 09:08:08,9796952610,bankcard
100,1,100,100,100,100,61179.59,8537,2008-07-04 13:10:45,2008-07-27 13:10:45,4220003533,diners-club-enroute
101,2,101,101,101,101,44499.05,983,2013-03-21 03:26:15,2013-04-01 03:26:15,1427422842,jcb
102,2,102,102,102,102,77324.08,14121,2018-03-01 17:33:55,2018-03-21 17:33:55,2542636273,jcb
103,2,103,103,103,103,94065.73,2725,2006-06-18 02:46:51,2006-06-25 02:46:51,1964794366,switch
104,2,104,104,104,104,32422.66,15035,2018-09-05 04:55:22,2018-09-07 04:55:22,4616913005,instapayment
105,1,105,105,105,105,65343.16,2135,2019-12-20 05:58:18,2020-01-04 05:58:18,1348993596,jcb
106,1,106,106,106,106,60804.07,3369,2015-01-15 05:35:22,2015-01-25 05:35:22,6646227756,americanexpress
107,2,107,107,107,107,79748.84,7206,2018-10-11 09:56:02,2018-11-09 09:56:02,8366055132,visa
108,2,108,108,108,108,74549.45,3049,2012-01-29 01:54:51,2012-02-26 01:54:51,3910736491,visa
109,1,109,109,109,109,69188.22,9665,2017-08-03 10:58:46,2017-08-18 10:58:46,7889142285,visa-electron
110,2,110,110,110,110,46541.32,974,2011-07-28 18:03:41,2011-08-03 18:03:41,4559148988,mastercard
111,2,111,111,111,111,20379.08,6741,2013-08-17 15:37:27,2013-09-10 15:37:27,4872953207,diners-club-carte-blanche
112,1,112,112,112,112,73792.05,5314,2013-11-19 21:44:30,2013-11-22 21:44:30,5229550651,bankcard
113,1,113,113,113,113,78613.27,15306,2011-09-20 15:06:06,2011-10-11 15:06:06,6905364975,visa-electron
114,2,114,114,114,114,53491.86,657,2011-03-31 04:06:35,2011-04-29 04:06:35,0363340041,diners-club-enroute
115,2,115,115,115,115,40312.3,5421,2008-02-22 12:27:23,2008-03-14 12:27:23,9768793414,jcb
116,1,116,116,116,116,33121.93,7588,2011-08-16 14:57:38,2011-09-09 14:57:38,2614096040,switch
117,1,117,117,117,117,45872.17,16651,2019-02-17 11:45:29,2019-03-09 11:45:29,7598914893,jcb
118,1,118,118,118,118,27137.37,5382,2012-12-07 12:43:25,2012-12-18 12:43:25,4359521758,bankcard
119,1,119,119,119,119,34769.9,10637,2012-07-25 10:50:27,2012-08-16 10:50:27,5807623606,maestro
120,2,120,120,120,120,26792.38,941,2012-01-21 05:46:38,2012-01-22 05:46:38,5516680476,diners-club-enroute
121,1,121,121,121,121,83203.24,16606,2009-05-22 16:18:35,2009-05-26 16:18:35,7701869484,jcb
122,1,122,122,122,122,67155.04,16662,2005-06-09 13:05:57,2005-07-09 13:05:57,9971466139,diners-club-us-ca
123,1,123,123,123,123,54280.63,7079,2015-06-20 01:32:54,2015-06-28 01:32:54,6633104774,jcb
124,2,124,124,124,124,64378.89,17856,2017-04-20 00:14:08,2017-04-30 00:14:08,1359931155,mastercard
125,2,125,125,125,125,77993.7,16249,2006-07-13 02:05:10,2006-07-22 02:05:10,8266745811,jcb
126,2,126,126,126,126,39054.89,1839,2013-07-23 04:36:17,2013-08-07 04:36:17,7285244848,diners-club-enroute
127,1,127,127,127,127,64978.69,8675,2013-05-07 12:39:12,2013-06-06 12:39:12,8182045126,americanexpress
128,1,128,128,128,128,46038.45,12648,2011-04-20 19:43:27,2011-05-09 19:43:27,7941897792,laser
129,1,129,129,129,129,86573.43,9690,2013-10-27 08:06:10,2013-11-14 08:06:10,5054485473,jcb
130,2,130,130,130,130,50616.01,3761,2017-03-14 03:58:18,2017-04-10 03:58:18,5721493852,china-unionpay
131,1,131,131,131,131,19051.31,6204,2020-01-22 04:31:58,2020-02-07 04:31:58,2447821239,jcb
132,2,132,132,132,132,87944.63,11471,2018-03-16 16:40:04,2018-03-25 16:40:04,6744102486,switch
133,1,133,133,133,133,72103.4,1405,2012-04-20 01:43:52,2012-05-01 01:43:52,1547870842,mastercard
134,1,134,134,134,134,52086.89,1176,2014-03-15 14:56:10,2014-03-18 14:56:10,1983071307,americanexpress
135,1,135,135,135,135,71076.26,10400,2010-01-04 18:26:19,2010-01-12 18:26:19,6443201280,jcb
136,2,136,136,136,136,68623.39,14937,2019-03-22 16:12:54,2019-03-23 16:12:54,0397540558,mastercard
137,1,137,137,137,137,79852.02,12610,2016-04-14 17:45:00,2016-05-13 17:45:00,0283309741,jcb
138,1,138,138,138,138,96617.95,7799,2012-08-18 05:59:08,2012-09-10 05:59:08,1275890091,jcb
139,2,139,139,139,139,72504.92,2188,2006-03-10 22:55:26,2006-04-03 22:55:26,0294586741,instapayment
140,2,140,140,140,140,41742.97,15796,2012-10-09 04:08:56,2012-10-27 04:08:56,1232578347,jcb
141,1,141,141,141,141,54199.97,7277,2006-04-12 23:37:19,2006-04-17 23:37:19,5391545080,jcb
142,2,142,142,142,142,66442.55,9340,2015-06-26 09:39:54,2015-07-24 09:39:54,3975890088,jcb
143,1,143,143,143,143,90167.08,6089,2020-07-20 03:29:31,2020-08-19 03:29:31,9248991289,mastercard
144,2,144,144,144,144,91121.5,2717,2020-03-17 15:34:21,2020-04-11 15:34:21,8380678230,diners-club-enroute
145,1,145,145,145,145,87115.02,6405,2008-06-13 19:05:02,2008-06-20 19:05:02,9643809498,instapayment
146,2,146,146,146,146,56238.33,8462,2014-04-28 00:54:30,2014-05-07 00:54:30,8660641809,jcb
147,1,147,147,147,147,37990.05,6762,2008-09-30 06:04:32,2008-10-18 06:04:32,6896693118,mastercard
148,2,148,148,148,148,76177.89,10925,2009-08-23 19:44:04,2009-08-29 19:44:04,8377452979,china-unionpay
149,1,149,149,149,149,71358.7,9098,2017-09-08 17:23:29,2017-10-08 17:23:29,3692184557,jcb
150,2,150,150,150,150,67801.62,11648,2014-07-27 02:16:07,2014-08-23 02:16:07,4883178978,mastercard
151,2,151,151,151,151,37390.34,4696,2006-01-26 15:32:21,2006-02-18 15:32:21,2456339916,bankcard
152,2,152,152,152,152,46112.11,704,2007-03-24 12:21:53,2007-04-03 12:21:53,4027654013,mastercard
153,2,153,153,153,153,96079.86,12154,2009-11-20 07:08:57,2009-12-12 07:08:57,7721909775,visa-electron
154,2,154,154,154,154,44041.88,10850,2017-10-17 00:54:46,2017-11-12 00:54:46,3081626129,jcb
155,1,155,155,155,155,61100.53,4612,2012-08-31 15:59:12,2012-09-15 15:59:12,0510381979,maestro
156,1,156,156,156,156,69684.24,17563,2006-12-16 13:22:34,2006-12-19 13:22:34,6055176645,jcb
157,2,157,157,157,157,27089.35,4720,2012-07-10 02:30:07,2012-07-30 02:30:07,4077658446,instapayment
158,1,158,158,158,158,50748.24,753,2017-09-28 05:08:57,2017-10-11 05:08:57,2801306320,switch
159,1,159,159,159,159,66011.36,6692,2007-01-13 14:31:18,2007-01-25 14:31:18,5791985339,jcb
160,2,160,160,160,160,45674.12,13058,2008-04-24 03:38:54,2008-05-20 03:38:54,5617533169,americanexpress
161,1,161,161,161,161,56273.4,16043,2010-08-27 08:31:31,2010-09-15 08:31:31,7450833425,bankcard
162,2,162,162,162,162,96586.86,10265,2009-04-28 04:19:45,2009-05-26 04:19:45,9828368471,switch
163,2,163,163,163,163,77759.62,11233,2007-05-12 14:44:59,2007-06-06 14:44:59,8542856481,visa-electron
164,2,164,164,164,164,67448.48,7299,2007-05-30 13:30:23,2007-06-11 13:30:23,4473342166,china-unionpay
165,1,165,165,165,165,29244.63,2837,2009-02-13 04:57:51,2009-03-14 04:57:51,9199997002,instapayment
166,1,166,166,166,166,80875.03,4350,2015-11-26 19:33:31,2015-12-25 19:33:31,7519987566,jcb
167,1,167,167,167,167,47503.49,2016,2013-03-01 15:56:19,2013-03-13 15:56:19,2327257832,jcb
168,2,168,168,168,168,81304.65,3668,2009-03-01 19:23:05,2009-03-26 19:23:05,6983631439,diners-club-carte-blanche
169,2,169,169,169,169,62517.55,883,2008-06-28 21:00:27,2008-07-05 21:00:27,3965417770,jcb
170,2,170,170,170,170,60236.72,5538,2009-02-05 09:08:58,2009-02-12 09:08:58,0634043366,diners-club-enroute
171,1,171,171,171,171,70949.99,15603,2020-04-22 15:29:03,2020-05-14 15:29:03,0590457330,visa
172,2,172,172,172,172,28881.91,9833,2006-09-30 18:00:19,2006-10-15 18:00:19,6372612909,jcb
173,1,173,173,173,173,20427.68,1855,2014-02-24 04:00:35,2014-03-19 04:00:35,7083175594,jcb
174,1,174,174,174,174,79250.43,9969,2011-08-12 20:22:57,2011-09-05 20:22:57,3243888107,mastercard
175,1,175,175,175,175,85960.15,12014,2009-10-26 22:11:08,2009-11-06 22:11:08,5557660097,jcb
176,2,176,176,176,176,43712.62,1916,2013-10-15 22:32:54,2013-10-20 22:32:54,4307511786,visa-electron
177,1,177,177,177,177,96535.17,3729,2015-06-27 20:13:00,2015-06-28 20:13:00,6079019183,china-unionpay
178,1,178,178,178,178,78460.95,1494,2011-08-15 17:33:05,2011-09-05 17:33:05,8709245065,visa
179,1,179,179,179,179,75268.76,15277,2008-12-24 01:24:19,2009-01-11 01:24:19,9974783917,china-unionpay
180,1,180,180,180,180,45565.97,7582,2009-03-23 13:24:05,2009-04-14 13:24:05,4718200520,visa-electron
181,2,181,181,181,181,97227.14,10684,2007-06-05 08:37:49,2007-07-04 08:37:49,1964011876,jcb
182,1,182,182,182,182,52880.76,9868,2007-09-04 02:11:58,2007-09-19 02:11:58,7995136765,jcb
183,1,183,183,183,183,79342.95,10055,2007-05-10 16:05:55,2007-05-25 16:05:55,9172791500,jcb
184,1,184,184,184,184,82453.15,8773,2017-05-09 11:36:18,2017-05-18 11:36:18,7925056592,instapayment
185,2,185,185,185,185,59419.59,3605,2019-08-16 23:06:36,2019-09-06 23:06:36,7153100881,jcb
186,2,186,186,186,186,61264.91,11199,2008-03-22 05:41:47,2008-04-08 05:41:47,3475638584,jcb
187,2,187,187,187,187,31901.0,4850,2012-01-10 16:53:07,2012-01-13 16:53:07,6824651249,jcb
188,2,188,188,188,188,68636.92,16358,2020-03-09 19:41:22,2020-04-08 19:41:22,0284045519,mastercard
189,2,189,189,189,189,86631.27,1091,2008-01-13 06:40:43,2008-02-06 06:40:43,6122654779,laser
190,1,190,190,190,190,92091.67,3423,2014-12-13 22:51:41,2015-01-11 22:51:41,9084470354,diners-club-carte-blanche
191,1,191,191,191,191,26184.53,5717,2006-03-17 05:13:48,2006-03-24 05:13:48,3602664201,mastercard
192,2,192,192,192,192,94974.06,16988,2008-07-15 13:42:59,2008-07-23 13:42:59,7541317330,switch
193,1,193,193,193,193,85733.89,16554,2010-04-23 07:15:15,2010-04-24 07:15:15,6375324912,switch
194,1,194,194,194,194,79114.11,12970,2013-07-17 06:43:23,2013-07-28 06:43:23,9699960337,visa
195,2,195,195,195,195,77151.3,17125,2006-01-26 07:09:31,2006-02-05 07:09:31,1102720968,jcb
196,2,196,196,196,196,19895.78,11098,2011-07-07 09:10:34,2011-07-11 09:10:34,6434326254,maestro
197,1,197,197,197,197,27782.81,8435,2018-03-07 11:12:44,2018-03-20 11:12:44,6135260618,diners-club-carte-blanche
198,2,198,198,198,198,35613.58,16557,2010-10-06 18:15:26,2010-11-04 18:15:26,2477525875,jcb
199,2,199,199,199,199,39601.64,1970,2015-01-02 07:01:16,2015-01-22 07:01:16,0394238478,visa-electron
200,2,200,200,200,200,28755.93,1577,2009-05-09 15:02:50,2009-06-02 15:02:50,8649284841,switch
201,1,201,201,201,201,39925.73,14717,2007-12-07 05:46:59,2007-12-27 05:46:59,1846069661,jcb
202,1,202,202,202,202,85221.21,9038,2013-10-12 09:15:20,2013-10-25 09:15:20,9089959696,jcb
203,2,203,203,203,203,34247.04,3080,2008-03-30 09:25:17,2008-04-14 09:25:17,1569517789,china-unionpay
204,2,204,204,204,204,98926.67,12611,2006-07-21 20:32:09,2006-07-26 20:32:09,6419970156,bankcard
205,1,205,205,205,205,22646.75,8327,2011-09-16 19:58:21,2011-09-22 19:58:21,0199726515,maestro
206,2,206,206,206,206,47921.69,8645,2015-06-14 16:52:21,2015-07-14 16:52:21,7222377611,diners-club-carte-blanche
207,2,207,207,207,207,72224.16,8153,2016-01-09 15:15:13,2016-01-14 15:15:13,6039379065,instapayment
208,1,208,208,208,208,97443.53,5779,2006-01-02 04:36:17,2006-01-28 04:36:17,5307168519,diners-club-enroute
209,1,209,209,209,209,30287.79,7485,2012-09-29 07:04:57,2012-09-30 07:04:57,0672948451,jcb
210,1,210,210,210,210,81118.76,13608,2014-03-07 01:15:13,2014-03-21 01:15:13,7939463780,bankcard
211,1,211,211,211,211,88711.47,6555,2008-02-15 02:15:22,2008-02-29 02:15:22,5933073091,china-unionpay
212,1,212,212,212,212,45925.36,3539,2008-01-18 05:44:21,2008-01-22 05:44:21,1119738644,maestro
213,2,213,213,213,213,51045.5,8351,2018-12-05 00:10:57,2018-12-12 00:10:57,1851029338,jcb
214,1,214,214,214,214,93943.2,2454,2005-10-06 05:53:55,2005-10-31 05:53:55,4187279768,jcb
215,1,215,215,215,215,75862.0,1706,2015-06-18 02:38:04,2015-06-30 02:38:04,8993247242,mastercard
216,1,216,216,216,216,45289.16,12228,2007-12-01 05:47:22,2007-12-03 05:47:22,8947100064,jcb
217,2,217,217,217,217,27653.3,4988,2011-02-13 19:56:55,2011-02-16 19:56:55,9187935902,visa-electron
218,2,218,218,218,218,56611.57,12027,2013-07-22 01:46:00,2013-08-17 01:46:00,9542636555,jcb
219,2,219,219,219,219,80856.2,12650,2009-08-01 04:12:18,2009-08-22 04:12:18,4924829633,maestro
220,1,220,220,220,220,44099.0,13009,2008-12-09 21:36:32,2008-12-25 21:36:32,1639161414,americanexpress
221,2,221,221,221,221,19466.73,7382,2011-05-19 03:50:57,2011-05-26 03:50:57,4129618512,maestro
222,1,222,222,222,222,97561.55,1793,2016-10-15 12:41:30,2016-11-11 12:41:30,8580032741,jcb
223,1,223,223,223,223,71209.02,15893,2020-04-09 11:24:17,2020-04-16 11:24:17,5550339846,jcb
224,1,224,224,224,224,90281.36,950,2005-07-07 03:05:06,2005-07-15 03:05:06,4877086455,maestro
225,2,225,225,225,225,99410.75,12133,2013-07-26 03:38:19,2013-08-01 03:38:19,9006191744,bankcard
226,2,226,226,226,226,53708.26,9295,2006-09-01 05:50:10,2006-09-30 05:50:10,7881014997,maestro
227,2,227,227,227,227,64496.52,13237,2016-03-06 19:20:36,2016-03-17 19:20:36,6410788185,jcb
228,2,228,228,228,228,64851.49,10436,2010-01-17 12:28:49,2010-02-01 12:28:49,5397578282,mastercard
229,1,229,229,229,229,36601.01,589,2018-05-03 23:40:48,2018-05-15 23:40:48,6476812467,jcb
230,1,230,230,230,230,81264.31,7742,2005-05-15 13:54:56,2005-05-18 13:54:56,3138822266,bankcard
231,2,231,231,231,231,30453.35,10405,2010-02-13 17:41:25,2010-02-15 17:41:25,0381921972,diners-club-enroute
232,1,232,232,232,232,85325.28,630,2013-01-30 15:21:15,2013-02-23 15:21:15,1299307825,jcb
233,2,233,233,233,233,81819.31,4270,2017-06-29 19:17:52,2017-07-05 19:17:52,0632397098,switch
234,1,234,234,234,234,43974.65,12711,2007-07-15 21:35:53,2007-08-05 21:35:53,8226988888,jcb
235,1,235,235,235,235,42434.3,10713,2019-08-08 17:43:57,2019-08-14 17:43:57,4653618763,jcb
236,1,236,236,236,236,57189.82,14762,2006-11-03 13:56:23,2006-11-18 13:56:23,9126893150,diners-club-carte-blanche
237,1,237,237,237,237,66294.61,10744,2008-12-07 15:56:32,2008-12-15 15:56:32,7001067512,jcb
238,1,238,238,238,238,34283.93,6785,2019-09-01 05:49:58,2019-09-14 05:49:58,1711039772,jcb
239,2,239,239,239,239,84941.82,5301,2017-03-26 08:07:22,2017-04-12 08:07:22,5434354702,diners-club-carte-blanche
240,2,240,240,240,240,64742.23,3429,2010-11-18 23:54:50,2010-12-06 23:54:50,7993719623,diners-club-carte-blanche
241,1,241,241,241,241,82187.78,17316,2011-02-21 00:58:24,2011-02-23 00:58:24,3607361207,switch
242,1,242,242,242,242,47653.99,4839,2010-12-27 10:49:05,2011-01-21 10:49:05,7491832776,laser
243,2,243,243,243,243,46666.67,17437,2011-04-05 02:51:22,2011-04-25 02:51:22,4601782503,americanexpress
244,1,244,244,244,244,95621.68,6907,2019-02-13 12:38:57,2019-02-14 12:38:57,6098539960,jcb
245,2,245,245,245,245,77664.17,13107,2016-06-11 16:45:19,2016-06-27 16:45:19,8421265083,jcb
246,2,246,246,246,246,74002.72,11201,2010-02-12 03:33:25,2010-03-01 03:33:25,9876367706,jcb
247,1,247,247,247,247,49648.24,13971,2011-04-01 06:59:56,2011-04-18 06:59:56,3054019098,visa-electron
248,1,248,248,248,248,35667.53,7978,2015-01-13 22:13:12,2015-02-12 22:13:12,6347697173,solo
249,2,249,249,249,249,26251.42,7548,2013-02-08 08:44:26,2013-03-05 08:44:26,7650074021,americanexpress
250,2,250,250,250,250,22336.1,7674,2009-05-17 16:45:51,2009-06-13 16:45:51,7856474319,jcb
251,1,251,251,251,251,92148.56,4366,2017-08-06 16:21:27,2017-08-17 16:21:27,4442464057,visa
252,2,252,252,252,252,80245.1,14809,2007-11-25 15:11:14,2007-12-08 15:11:14,9814700347,jcb
253,2,253,253,253,253,79224.41,13273,2015-11-03 07:07:37,2015-11-28 07:07:37,2350528235,jcb
254,2,254,254,254,254,51879.68,4206,2015-03-20 08:46:37,2015-04-19 08:46:37,9631477797,jcb
255,2,255,255,255,255,87733.15,15855,2019-01-19 23:17:03,2019-02-07 23:17:03,4023260169,diners-club-enroute
256,1,256,256,256,256,98281.23,3105,2010-10-01 21:30:44,2010-10-11 21:30:44,1561928704,jcb
257,2,257,257,257,257,79240.03,9783,2012-11-25 23:00:25,2012-11-27 23:00:25,6227431184,visa
258,2,258,258,258,258,67216.54,17375,2019-12-15 13:48:49,2019-12-22 13:48:49,8728026284,mastercard
259,1,259,259,259,259,54628.51,13645,2017-03-07 18:29:56,2017-03-16 18:29:56,3495523960,bankcard
260,1,260,260,260,260,71685.68,9113,2011-12-18 04:55:56,2011-12-24 04:55:56,0285395386,jcb
261,2,261,261,261,261,63873.07,10712,2013-08-10 12:53:52,2013-08-25 12:53:52,2636339302,jcb
262,1,262,262,262,262,40522.64,12263,2011-02-10 11:56:51,2011-03-12 11:56:51,1915143357,visa
263,1,263,263,263,263,25361.17,16630,2011-05-17 05:03:57,2011-06-11 05:03:57,0480951837,maestro
264,2,264,264,264,264,76589.63,4868,2019-05-22 10:55:44,2019-06-07 10:55:44,2005552054,jcb
265,2,265,265,265,265,45598.83,4852,2011-09-07 13:12:45,2011-09-21 13:12:45,8801272952,jcb
266,1,266,266,266,266,33965.71,1405,2017-06-13 18:35:51,2017-07-02 18:35:51,2788842155,switch
267,1,267,267,267,267,63160.15,3440,2007-02-21 12:34:20,2007-03-15 12:34:20,1542112133,jcb
268,1,268,268,268,268,21932.63,9781,2014-09-09 15:36:20,2014-09-29 15:36:20,1552242544,americanexpress
269,1,269,269,269,269,39692.52,16024,2009-05-20 12:23:59,2009-06-11 12:23:59,2198251329,mastercard
270,1,270,270,270,270,78076.48,14112,2018-03-15 01:52:28,2018-04-01 01:52:28,9794938572,diners-club-carte-blanche
271,1,271,271,271,271,73644.67,12283,2008-06-04 01:54:23,2008-06-17 01:54:23,4223051334,diners-club-enroute
272,2,272,272,272,272,87298.48,6275,2008-12-15 20:57:29,2009-01-13 20:57:29,5340310728,jcb
273,1,273,273,273,273,69388.78,8394,2009-09-03 04:22:12,2009-09-13 04:22:12,2520857226,jcb
274,2,274,274,274,274,36559.96,7077,2009-09-28 02:52:16,2009-09-30 02:52:16,0788588869,jcb
275,2,275,275,275,275,50516.62,10146,2010-07-21 16:23:33,2010-08-09 16:23:33,0654455066,jcb
276,2,276,276,276,276,22354.32,4545,2008-01-12 15:33:46,2008-02-06 15:33:46,9114094401,jcb
277,2,277,277,277,277,48655.91,7830,2012-08-29 23:05:33,2012-09-16 23:05:33,6012496923,bankcard
278,2,278,278,278,278,41037.03,14247,2005-06-16 17:29:05,2005-06-23 17:29:05,2821530730,jcb
279,1,279,279,279,279,56364.97,6214,2011-04-02 18:02:21,2011-04-23 18:02:21,0837398436,jcb
280,2,280,280,280,280,41018.53,2914,2011-06-21 01:34:19,2011-06-24 01:34:19,2961841577,china-unionpay
281,1,281,281,281,281,66070.91,931,2015-01-03 02:39:20,2015-01-25 02:39:20,2957736179,diners-club-enroute
282,2,282,282,282,282,42181.64,12582,2012-06-03 10:03:20,2012-06-27 10:03:20,5684468233,visa-electron
283,2,283,283,283,283,76319.81,2960,2013-02-04 02:10:00,2013-02-14 02:10:00,1697617808,jcb
284,2,284,284,284,284,37241.01,17057,2013-10-11 22:35:04,2013-11-06 22:35:04,7484124796,china-unionpay
285,2,285,285,285,285,58738.8,14373,2006-04-09 08:32:22,2006-04-28 08:32:22,4543088123,jcb
286,2,286,286,286,286,99072.99,17116,2017-01-28 16:43:03,2017-02-17 16:43:03,6793528653,mastercard
287,2,287,287,287,287,53996.61,7904,2015-07-21 22:03:01,2015-07-25 22:03:01,6461813217,mastercard
288,2,288,288,288,288,33823.74,14845,2014-01-26 10:53:22,2014-02-25 10:53:22,0030414105,jcb
289,1,289,289,289,289,26903.84,8602,2019-06-09 01:30:03,2019-06-27 01:30:03,3219054536,jcb
290,1,290,290,290,290,83518.0,7877,2012-12-18 16:37:30,2012-12-31 16:37:30,9977924139,jcb
291,1,291,291,291,291,29882.58,9321,2009-03-01 09:43:09,2009-03-19 09:43:09,7377001968,china-unionpay
292,2,292,292,292,292,37898.63,11313,2017-02-06 23:12:09,2017-02-15 23:12:09,5178739043,diners-club-carte-blanche
293,1,293,293,293,293,19623.2,6340,2018-12-08 15:56:09,2018-12-17 15:56:09,8825896476,diners-club-us-ca
294,1,294,294,294,294,69605.42,13388,2011-06-17 17:53:32,2011-07-05 17:53:32,7768758307,bankcard
295,1,295,295,295,295,86824.9,4461,2013-06-05 23:46:43,2013-06-26 23:46:43,3817402651,solo
296,1,296,296,296,296,67878.52,15131,2011-08-20 14:21:08,2011-09-11 14:21:08,2661227032,jcb
297,1,297,297,297,297,56280.94,10718,2005-06-19 23:29:29,2005-07-12 23:29:29,8533121962,china-unionpay
298,1,298,298,298,298,30836.73,7289,2008-01-19 17:23:16,2008-01-20 17:23:16,2506581413,jcb
299,2,299,299,299,299,25582.68,7191,2010-08-20 04:25:37,2010-08-27 04:25:37,2805216997,americanexpress
300,2,300,300,300,300,76380.96,11088,2012-04-24 12:25:28,2012-05-20 12:25:28,1352967251,maestro
301,1,301,301,301,301,88034.25,17519,2016-10-16 14:13:51,2016-11-15 14:13:51,0085356085,mastercard
302,2,302,302,302,302,28581.31,3859,2007-06-15 18:27:16,2007-06-23 18:27:16,1872396046,maestro
303,1,303,303,303,303,83876.55,5143,2008-04-11 08:54:16,2008-05-07 08:54:16,0043399398,visa
304,1,304,304,304,304,19671.63,5602,2005-08-29 13:25:32,2005-09-12 13:25:32,7220482191,americanexpress
305,2,305,305,305,305,52316.62,15557,2010-09-30 05:07:52,2010-10-05 05:07:52,3825886921,maestro
306,2,306,306,306,306,41335.08,15761,2019-04-03 22:02:26,2019-04-29 22:02:26,0775979562,china-unionpay
307,2,307,307,307,307,50886.94,6223,2020-06-25 19:14:34,2020-06-28 19:14:34,1749948907,jcb
308,1,308,308,308,308,43870.33,8361,2007-05-16 00:14:42,2007-06-11 00:14:42,8332735076,jcb
309,1,309,309,309,309,43983.35,12890,2015-05-18 16:41:41,2015-05-22 16:41:41,3050622822,americanexpress
310,2,310,310,310,310,33922.67,12243,2009-10-30 02:49:39,2009-11-07 02:49:39,3434481478,jcb
311,2,311,311,311,311,83780.2,13837,2017-05-08 18:15:12,2017-05-25 18:15:12,4271421812,jcb
312,2,312,312,312,312,65936.18,3377,2009-03-01 08:20:55,2009-03-27 08:20:55,6882429138,jcb
313,1,313,313,313,313,82522.02,1575,2009-03-29 09:04:35,2009-04-18 09:04:35,4252783151,visa
314,2,314,314,314,314,74784.27,15113,2013-07-15 19:24:08,2013-08-05 19:24:08,5004174296,visa
315,1,315,315,315,315,35372.27,10574,2015-10-04 06:28:57,2015-10-18 06:28:57,0733079806,instapayment
316,2,316,316,316,316,25700.23,16050,2015-11-01 21:02:07,2015-11-15 21:02:07,6200445842,jcb
317,1,317,317,317,317,62340.98,6276,2015-09-20 06:37:00,2015-09-28 06:37:00,4464496261,jcb
318,2,318,318,318,318,35360.49,10227,2013-07-16 01:19:43,2013-08-08 01:19:43,8637593267,instapayment
319,2,319,319,319,319,79998.27,9115,2013-07-03 08:20:27,2013-07-11 08:20:27,2451468041,solo
320,1,320,320,320,320,88275.73,12178,2015-10-07 12:09:20,2015-10-09 12:09:20,4635613216,instapayment
321,1,321,321,321,321,98152.02,4440,2016-02-04 09:36:07,2016-02-28 09:36:07,3804616194,diners-club-us-ca
322,2,322,322,322,322,77917.55,17561,2018-03-03 00:48:59,2018-03-25 00:48:59,2725223393,diners-club-us-ca
323,2,323,323,323,323,47592.85,13157,2019-04-18 16:24:12,2019-05-04 16:24:12,7205345731,maestro
324,1,324,324,324,324,41082.51,13174,2014-07-19 09:41:23,2014-07-20 09:41:23,2417026457,jcb
325,2,325,325,325,325,98953.62,10574,2014-11-12 13:59:01,2014-11-26 13:59:01,8976743474,bankcard
326,2,326,326,326,326,36804.69,1171,2007-01-27 06:23:15,2007-02-23 06:23:15,9484418430,bankcard
327,1,327,327,327,327,92432.68,7442,2012-05-05 15:57:22,2012-05-16 15:57:22,9912464648,jcb
328,1,328,328,328,328,32538.32,9059,2006-04-16 11:52:14,2006-05-10 11:52:14,1442926627,switch
329,2,329,329,329,329,71218.04,12796,2006-06-11 21:50:52,2006-06-17 21:50:52,0619318945,jcb
330,1,330,330,330,330,94266.41,1148,2012-01-22 09:53:46,2012-02-10 09:53:46,5322573682,americanexpress
331,2,331,331,331,331,81851.26,3078,2008-07-19 14:36:39,2008-07-23 14:36:39,4002662195,jcb
332,2,332,332,332,332,77074.87,14778,2008-10-11 17:56:06,2008-11-05 17:56:06,8239275257,jcb
333,1,333,333,333,333,37056.52,8975,2009-05-14 21:01:39,2009-05-23 21:01:39,6149423182,laser
334,2,334,334,334,334,58943.59,15134,2007-04-29 23:27:21,2007-04-30 23:27:21,2813303798,jcb
335,1,335,335,335,335,89339.86,2333,2009-03-14 02:59:19,2009-04-12 02:59:19,5312831093,jcb
336,2,336,336,336,336,99992.09,7176,2015-07-30 09:28:37,2015-08-24 09:28:37,3351200722,visa
337,2,337,337,337,337,92726.65,12907,2018-05-30 02:49:09,2018-06-07 02:49:09,8769089973,jcb
338,2,338,338,338,338,42623.32,14660,2019-11-27 03:05:19,2019-12-01 03:05:19,7988017187,visa-electron
339,2,339,339,339,339,31513.55,8865,2016-10-01 23:32:27,2016-10-30 23:32:27,5033307924,jcb
340,2,340,340,340,340,44471.68,6249,2008-03-09 16:42:11,2008-03-24 16:42:11,9101486918,visa-electron
341,1,341,341,341,341,91310.41,3155,2015-12-19 06:31:00,2015-12-26 06:31:00,2441805525,visa-electron
342,2,342,342,342,342,54020.13,5124,2016-03-29 14:25:08,2016-04-28 14:25:08,6921027694,maestro
343,2,343,343,343,343,45946.96,13209,2007-04-15 06:31:48,2007-04-21 06:31:48,0810091879,jcb
344,2,344,344,344,344,39705.19,14202,2013-12-17 09:28:50,2013-12-26 09:28:50,4022195916,jcb
345,1,345,345,345,345,49004.83,1648,2009-07-21 01:35:21,2009-07-27 01:35:21,0753949024,jcb
346,1,346,346,346,346,23072.21,10966,2011-08-26 10:37:02,2011-09-03 10:37:02,0396114342,instapayment
347,2,347,347,347,347,62228.99,16598,2011-08-10 00:44:00,2011-08-12 00:44:00,4619026808,laser
348,2,348,348,348,348,57582.53,14290,2013-02-01 16:29:15,2013-02-25 16:29:15,8566280652,maestro
349,1,349,349,349,349,97624.43,1691,2006-07-25 22:37:35,2006-08-09 22:37:35,4858824926,visa
350,2,350,350,350,350,82771.18,12375,2014-04-14 18:11:29,2014-05-10 18:11:29,0484483447,maestro
351,1,351,351,351,351,21081.89,1688,2015-07-05 17:03:26,2015-07-28 17:03:26,0739356577,jcb
352,1,352,352,352,352,41623.89,6918,2009-02-26 08:55:00,2009-02-27 08:55:00,0499175492,solo
353,1,353,353,353,353,71087.3,12987,2018-06-01 12:38:06,2018-06-05 12:38:06,5421280659,jcb
354,1,354,354,354,354,91909.88,1637,2007-05-21 20:57:43,2007-05-24 20:57:43,5034690187,americanexpress
355,1,355,355,355,355,56053.56,2205,2014-01-19 11:51:00,2014-02-11 11:51:00,4052209826,jcb
356,1,356,356,356,356,25875.57,5498,2012-11-22 03:35:36,2012-11-29 03:35:36,1081272007,diners-club-enroute
357,2,357,357,357,357,65799.75,4967,2019-09-18 23:12:44,2019-10-16 23:12:44,3785830521,mastercard
358,1,358,358,358,358,35947.16,12545,2007-07-22 02:52:52,2007-07-27 02:52:52,1754671373,laser
359,1,359,359,359,359,33977.91,15788,2017-09-22 17:09:46,2017-10-22 17:09:46,3405530466,mastercard
360,1,360,360,360,360,77347.16,11382,2012-08-28 23:15:40,2012-09-27 23:15:40,5886537996,visa-electron
361,1,361,361,361,361,59565.5,7853,2010-07-13 01:53:27,2010-07-15 01:53:27,9544500413,jcb
362,1,362,362,362,362,23695.74,9207,2009-10-14 05:13:24,2009-10-22 05:13:24,3952168262,jcb
363,1,363,363,363,363,36210.44,5079,2011-11-12 17:25:05,2011-11-20 17:25:05,3967666689,maestro
364,2,364,364,364,364,42553.93,16091,2013-07-02 20:57:01,2013-07-29 20:57:01,5938593212,jcb
365,2,365,365,365,365,55610.46,17266,2013-07-12 01:32:25,2013-07-16 01:32:25,0101632134,jcb
366,2,366,366,366,366,87472.68,2934,2017-03-01 22:34:55,2017-03-20 22:34:55,2448477558,jcb
367,2,367,367,367,367,87880.82,6928,2007-07-23 13:12:56,2007-08-02 13:12:56,1736888536,solo
368,2,368,368,368,368,97150.0,16380,2013-06-29 22:54:24,2013-07-10 22:54:24,7146702286,jcb
369,1,369,369,369,369,93121.23,11574,2006-05-06 00:26:49,2006-06-03 00:26:49,9664970662,visa
370,2,370,370,370,370,41908.54,15025,2018-10-07 02:03:17,2018-10-27 02:03:17,5527748689,diners-club-enroute
371,1,371,371,371,371,42969.34,1102,2009-10-05 01:28:22,2009-10-14 01:28:22,2396805290,jcb
372,1,372,372,372,372,52247.5,7961,2017-03-23 23:21:24,2017-04-04 23:21:24,7286276727,jcb
373,2,373,373,373,373,46938.49,14989,2011-09-20 20:12:59,2011-10-08 20:12:59,9877278014,jcb
374,1,374,374,374,374,79544.88,14804,2018-12-19 09:51:32,2018-12-27 09:51:32,8796857749,jcb
375,1,375,375,375,375,57327.92,9488,2014-05-22 03:33:53,2014-06-04 03:33:53,8007662057,visa-electron
376,1,376,376,376,376,81762.9,8167,2010-11-28 17:46:07,2010-12-14 17:46:07,4172252036,maestro
377,2,377,377,377,377,90514.71,580,2013-08-07 02:32:09,2013-09-01 02:32:09,6151770242,jcb
378,1,378,378,378,378,42502.74,11469,2018-04-23 03:23:37,2018-04-29 03:23:37,8811760038,jcb
379,2,379,379,379,379,42138.45,14290,2017-11-15 19:30:50,2017-12-15 19:30:50,6954533521,jcb
380,1,380,380,380,380,45687.58,17829,2014-03-21 21:06:20,2014-04-15 21:06:20,2876501090,mastercard
381,1,381,381,381,381,42190.74,12167,2018-06-19 13:02:23,2018-06-23 13:02:23,9854117022,jcb
382,1,382,382,382,382,75672.25,3899,2020-02-09 17:42:18,2020-03-04 17:42:18,4678065091,switch
383,1,383,383,383,383,53251.88,5834,2008-06-07 00:14:46,2008-06-10 00:14:46,6326944562,visa-electron
384,2,384,384,384,384,83190.65,5058,2014-12-21 18:48:08,2014-12-26 18:48:08,0471119504,maestro
385,1,385,385,385,385,52552.01,7076,2011-06-13 17:11:35,2011-06-15 17:11:35,6865098285,jcb
386,2,386,386,386,386,62668.29,7849,2011-03-05 23:40:49,2011-03-31 23:40:49,0877188580,instapayment
387,2,387,387,387,387,36577.66,1424,2005-11-19 11:56:02,2005-12-02 11:56:02,2909395154,switch
388,2,388,388,388,388,85569.41,13969,2017-06-08 01:17:20,2017-07-07 01:17:20,0580673898,china-unionpay
389,1,389,389,389,389,48223.52,14457,2009-01-11 07:18:57,2009-02-06 07:18:57,8574903477,jcb
390,2,390,390,390,390,80569.95,6366,2017-11-12 08:17:31,2017-11-21 08:17:31,6851993236,maestro
391,2,391,391,391,391,40976.29,9074,2017-10-18 02:25:53,2017-11-10 02:25:53,9730616884,jcb
392,1,392,392,392,392,57100.81,14069,2016-05-30 08:51:02,2016-06-29 08:51:02,8239897363,switch
393,2,393,393,393,393,48406.14,2584,2011-06-21 00:47:21,2011-07-15 00:47:21,0897662423,jcb
394,1,394,394,394,394,88426.39,11083,2016-01-15 02:51:52,2016-02-13 02:51:52,3399885474,jcb
395,2,395,395,395,395,95929.78,16246,2016-06-12 04:45:49,2016-06-18 04:45:49,1543344372,switch
396,1,396,396,396,396,83596.79,10343,2013-05-11 13:42:02,2013-05-25 13:42:02,1765564905,bankcard
397,1,397,397,397,397,56011.87,996,2015-02-28 19:47:41,2015-03-24 19:47:41,8439848242,switch
398,1,398,398,398,398,46674.22,8735,2020-02-03 03:12:47,2020-02-23 03:12:47,1382155034,diners-club-enroute
399,2,399,399,399,399,70216.45,2670,2013-02-05 09:03:43,2013-02-15 09:03:43,7854289298,diners-club-us-ca
400,2,400,400,400,400,86977.08,12336,2014-08-06 10:27:34,2014-08-25 10:27:34,8213261968,laser
401,1,401,401,401,401,92816.45,9708,2013-10-30 18:52:25,2013-11-04 18:52:25,4330425688,jcb
402,1,402,402,402,402,77128.53,5483,2009-01-31 02:26:13,2009-02-23 02:26:13,4716933172,maestro
403,2,403,403,403,403,45948.9,15671,2008-08-21 14:56:34,2008-09-16 14:56:34,9439484152,laser
404,1,404,404,404,404,93828.58,7334,2015-11-27 12:10:55,2015-12-15 12:10:55,2918931535,switch
405,2,405,405,405,405,35925.55,13497,2015-01-23 15:30:40,2015-01-30 15:30:40,2005812552,china-unionpay
406,1,406,406,406,406,33679.1,11113,2008-06-14 09:31:38,2008-06-29 09:31:38,3963499176,jcb
407,2,407,407,407,407,63744.13,17974,2016-05-04 15:10:11,2016-06-01 15:10:11,1302373781,americanexpress
408,2,408,408,408,408,63501.92,12045,2014-06-15 14:28:43,2014-06-25 14:28:43,6300703231,solo
409,2,409,409,409,409,77813.83,15696,2012-06-14 07:43:18,2012-07-05 07:43:18,5266874651,visa-electron
410,1,410,410,410,410,43448.67,7751,2013-07-10 16:20:13,2013-07-28 16:20:13,7265503627,maestro
411,1,411,411,411,411,99313.65,15632,2006-04-27 15:07:28,2006-05-10 15:07:28,0371981190,jcb
412,1,412,412,412,412,73973.4,2732,2007-05-28 00:47:51,2007-05-29 00:47:51,9769273880,jcb
413,2,413,413,413,413,24015.43,5117,2019-01-30 06:04:02,2019-02-17 06:04:02,6394699594,visa
414,1,414,414,414,414,37035.12,12334,2016-06-25 01:34:15,2016-07-05 01:34:15,4358511481,jcb
415,1,415,415,415,415,20529.34,1257,2019-03-27 14:45:53,2019-04-23 14:45:53,3290562220,china-unionpay
416,2,416,416,416,416,61196.95,16089,2010-05-12 09:04:26,2010-06-05 09:04:26,2067150650,diners-club-carte-blanche
417,2,417,417,417,417,19874.61,14616,2012-09-18 04:04:16,2012-09-20 04:04:16,3950606165,americanexpress
418,2,418,418,418,418,32100.71,9945,2012-07-11 22:14:25,2012-08-10 22:14:25,7527146680,laser
419,2,419,419,419,419,42895.94,16936,2006-12-12 09:08:58,2006-12-16 09:08:58,3007862345,jcb
420,1,420,420,420,420,89183.35,1212,2018-09-19 21:10:41,2018-10-18 21:10:41,7754275341,jcb
421,1,421,421,421,421,51139.83,8041,2009-03-24 05:13:37,2009-04-10 05:13:37,5263116934,diners-club-carte-blanche
422,1,422,422,422,422,61966.93,6264,2018-04-10 07:22:24,2018-04-26 07:22:24,7542226886,maestro
423,2,423,423,423,423,88753.05,11317,2019-04-08 12:12:28,2019-04-24 12:12:28,5065736472,mastercard
424,1,424,424,424,424,60354.93,7605,2011-02-19 12:29:12,2011-02-26 12:29:12,1623347149,visa
425,1,425,425,425,425,44922.87,8212,2010-10-29 12:28:32,2010-11-14 12:28:32,1123600392,jcb
426,2,426,426,426,426,19181.18,13614,2018-09-26 09:10:10,2018-10-08 09:10:10,6904679875,diners-club-carte-blanche
427,2,427,427,427,427,51907.69,7046,2018-06-07 15:27:01,2018-06-15 15:27:01,7378519707,visa-electron
428,1,428,428,428,428,45992.51,11923,2014-03-26 21:43:42,2014-04-11 21:43:42,1130947505,jcb
429,2,429,429,429,429,26819.43,16428,2016-09-09 20:34:52,2016-09-29 20:34:52,5763527526,laser
430,1,430,430,430,430,25560.25,13815,2019-12-18 09:15:17,2020-01-06 09:15:17,1474393322,jcb
431,1,431,431,431,431,56268.17,1676,2009-01-06 06:03:06,2009-01-16 06:03:06,9637427716,maestro
432,1,432,432,432,432,96216.42,4653,2019-03-28 19:25:57,2019-04-17 19:25:57,8510233845,visa
433,1,433,433,433,433,95891.1,1394,2019-09-28 01:29:42,2019-10-26 01:29:42,5950181670,jcb
434,2,434,434,434,434,73991.44,714,2007-07-10 16:25:51,2007-08-04 16:25:51,8044733744,jcb
435,1,435,435,435,435,69292.35,15504,2008-09-25 02:58:55,2008-10-18 02:58:55,9852409301,visa-electron
436,1,436,436,436,436,97434.46,11640,2005-10-24 03:28:08,2005-11-19 03:28:08,4019804338,maestro
437,2,437,437,437,437,92876.85,16378,2012-05-02 08:48:59,2012-05-19 08:48:59,3213038776,china-unionpay
438,1,438,438,438,438,49703.88,16877,2007-03-23 08:47:56,2007-04-03 08:47:56,1005242682,jcb
439,1,439,439,439,439,68548.17,6396,2012-06-14 03:35:56,2012-06-25 03:35:56,8911200565,jcb
440,2,440,440,440,440,63222.76,1495,2011-04-28 01:14:14,2011-05-17 01:14:14,4669496328,china-unionpay
441,1,441,441,441,441,62750.64,7656,2017-12-05 11:21:25,2017-12-19 11:21:25,9029128151,diners-club-carte-blanche
442,2,442,442,442,442,45023.64,1970,2015-04-15 12:07:58,2015-05-15 12:07:58,6037694265,jcb
443,2,443,443,443,443,18076.82,3866,2007-05-26 05:18:52,2007-06-06 05:18:52,4941253531,jcb
444,1,444,444,444,444,38587.16,11239,2016-08-13 05:41:06,2016-08-15 05:41:06,3757863216,bankcard
445,2,445,445,445,445,53063.49,10694,2012-04-27 06:15:01,2012-05-12 06:15:01,0349199574,mastercard
446,1,446,446,446,446,74860.35,7273,2014-12-23 12:55:01,2015-01-01 12:55:01,2459879687,jcb
447,2,447,447,447,447,90983.55,536,2009-02-23 08:24:25,2009-03-02 08:24:25,5190013502,diners-club-enroute
448,2,448,448,448,448,32458.98,15923,2018-03-12 13:39:14,2018-03-15 13:39:14,6560619435,maestro
449,2,449,449,449,449,64653.98,1531,2012-08-13 15:26:47,2012-08-23 15:26:47,2821221452,jcb
450,2,450,450,450,450,84961.21,12598,2012-01-15 14:43:11,2012-01-31 14:43:11,4255303428,jcb
451,2,451,451,451,451,54201.92,3037,2019-07-17 06:07:34,2019-07-20 06:07:34,8821908097,jcb
452,2,452,452,452,452,67130.48,9628,2015-11-08 13:06:14,2015-11-27 13:06:14,4948673471,maestro
453,1,453,453,453,453,49309.36,8932,2017-07-21 04:13:15,2017-07-24 04:13:15,3098725591,mastercard
454,2,454,454,454,454,37022.86,3476,2010-05-08 18:47:07,2010-05-19 18:47:07,3607154775,mastercard
455,1,455,455,455,455,44136.81,16147,2020-07-21 02:46:09,2020-08-03 02:46:09,0245023305,jcb
456,1,456,456,456,456,83153.52,14928,2010-11-14 07:09:42,2010-11-19 07:09:42,3295537380,jcb
457,1,457,457,457,457,80773.12,9106,2009-11-04 13:55:55,2009-11-10 13:55:55,8324231617,mastercard
458,1,458,458,458,458,22595.28,8668,2011-10-16 13:44:46,2011-11-13 13:44:46,7604235948,jcb
459,2,459,459,459,459,80945.59,10739,2016-03-20 11:56:23,2016-04-12 11:56:23,3738941754,switch
460,2,460,460,460,460,42486.89,13185,2018-10-28 11:02:29,2018-11-09 11:02:29,3287083767,jcb
461,2,461,461,461,461,28988.51,14637,2012-10-12 20:02:51,2012-11-11 20:02:51,6278160838,jcb
462,2,462,462,462,462,47309.14,5009,2006-03-25 05:08:36,2006-04-06 05:08:36,5512030248,jcb
463,2,463,463,463,463,20754.6,13132,2011-05-14 02:35:05,2011-05-18 02:35:05,3571480066,jcb
464,1,464,464,464,464,39295.15,4955,2008-11-28 14:06:39,2008-12-24 14:06:39,1079952705,visa-electron
465,1,465,465,465,465,71508.77,2699,2018-07-25 12:33:51,2018-07-28 12:33:51,5684526918,jcb
466,1,466,466,466,466,38495.79,15317,2011-12-24 22:46:02,2012-01-10 22:46:02,9542962290,diners-club-us-ca
467,2,467,467,467,467,31872.42,17854,2008-05-12 05:48:22,2008-05-17 05:48:22,1912160307,maestro
468,1,468,468,468,468,40084.37,14245,2008-12-04 23:41:01,2008-12-11 23:41:01,2082392546,maestro
469,2,469,469,469,469,99673.63,10863,2011-07-19 19:31:53,2011-08-05 19:31:53,0450164586,jcb
470,1,470,470,470,470,51568.02,4377,2012-04-18 16:31:57,2012-05-12 16:31:57,3174386640,jcb
471,2,471,471,471,471,89182.84,3665,2014-07-17 04:49:31,2014-08-01 04:49:31,2004789093,americanexpress
472,1,472,472,472,472,44335.47,11165,2006-10-08 22:46:06,2006-10-16 22:46:06,7373584888,switch
473,1,473,473,473,473,51745.66,14975,2019-11-19 08:01:07,2019-12-11 08:01:07,2122182989,mastercard
474,2,474,474,474,474,76900.39,3872,2019-04-20 20:07:58,2019-05-02 20:07:58,2330711395,visa-electron
475,2,475,475,475,475,74714.35,17676,2014-11-10 21:32:06,2014-11-19 21:32:06,7478499996,jcb
476,2,476,476,476,476,48122.65,11660,2015-06-28 14:17:10,2015-07-17 14:17:10,8834453069,jcb
477,1,477,477,477,477,59705.22,777,2011-08-18 16:23:56,2011-08-19 16:23:56,7317664693,switch
478,2,478,478,478,478,46403.57,14404,2009-03-23 22:40:34,2009-03-26 22:40:34,0932989403,diners-club-carte-blanche
479,1,479,479,479,479,28188.31,9227,2009-10-31 21:45:29,2009-11-09 21:45:29,4363562234,jcb
480,2,480,480,480,480,26823.46,17723,2011-01-11 20:02:56,2011-02-05 20:02:56,9535879545,mastercard
481,2,481,481,481,481,41135.32,11805,2018-12-13 16:14:17,2018-12-14 16:14:17,4351107138,visa-electron
482,2,482,482,482,482,43312.57,2869,2008-12-19 01:58:29,2009-01-12 01:58:29,2987964137,mastercard
483,1,483,483,483,483,42746.09,16246,2018-12-01 00:33:10,2018-12-17 00:33:10,8448683811,jcb
484,2,484,484,484,484,69690.44,13484,2010-05-14 18:12:17,2010-06-11 18:12:17,9140884546,switch
485,2,485,485,485,485,95661.47,15410,2005-10-11 22:26:10,2005-10-20 22:26:10,8020427805,jcb
486,1,486,486,486,486,67682.96,4555,2020-05-28 06:20:05,2020-05-29 06:20:05,3764983752,solo
487,2,487,487,487,487,89245.6,8666,2006-02-28 20:11:22,2006-03-25 20:11:22,6316670699,diners-club-enroute
488,1,488,488,488,488,48752.91,8510,2010-02-12 10:02:45,2010-03-03 10:02:45,3108867199,jcb
489,2,489,489,489,489,65803.3,13304,2007-03-14 16:24:37,2007-03-20 16:24:37,1028261039,china-unionpay
490,1,490,490,490,490,24660.81,10104,2013-03-30 14:32:00,2013-04-25 14:32:00,5458743296,jcb
491,2,491,491,491,491,68377.08,17998,2005-09-15 05:54:47,2005-09-28 05:54:47,5937404009,diners-club-carte-blanche
492,1,492,492,492,492,77370.64,10764,2015-04-10 06:47:56,2015-04-27 06:47:56,7415578120,jcb
493,1,493,493,493,493,41486.29,5143,2019-04-19 13:45:29,2019-05-12 13:45:29,4048471279,jcb
494,2,494,494,494,494,77230.18,3274,2006-12-18 02:50:06,2006-12-31 02:50:06,4817194138,mastercard
495,2,495,495,495,495,39315.76,13172,2017-11-06 06:50:07,2017-11-14 06:50:07,3284616322,maestro
496,1,496,496,496,496,56426.58,14115,2009-09-12 01:32:43,2009-09-21 01:32:43,1491869763,china-unionpay
497,1,497,497,497,497,25506.56,14205,2007-12-17 04:37:52,2008-01-08 04:37:52,3969915945,jcb
498,2,498,498,498,498,28747.69,17716,2006-02-13 13:51:23,2006-03-13 13:51:23,6042437453,switch
499,2,499,499,499,499,24652.49,12259,2009-08-24 00:37:39,2009-09-06 00:37:39,8545577516,china-unionpay
500,1,500,500,500,500,81893.32,2197,2011-07-10 01:21:20,2011-07-27 01:21:20,1117201813,americanexpress
501,1,501,501,501,501,91301.6,15505,2012-01-19 07:11:37,2012-01-24 07:11:37,0525872191,jcb
502,2,502,502,502,502,20943.28,4834,2017-10-25 01:00:30,2017-11-02 01:00:30,3017750361,switch
503,2,503,503,503,503,48437.73,12328,2013-01-30 18:18:38,2013-02-07 18:18:38,0735908125,diners-club-enroute
504,2,504,504,504,504,92970.24,15809,2007-10-18 06:35:22,2007-11-05 06:35:22,8762760599,visa
505,1,505,505,505,505,96494.19,14248,2018-03-30 16:50:10,2018-04-29 16:50:10,6403603825,jcb
506,2,506,506,506,506,18709.16,11185,2016-11-27 11:37:58,2016-12-10 11:37:58,8952850351,mastercard
507,1,507,507,507,507,58159.05,16846,2009-07-13 23:37:15,2009-08-11 23:37:15,8298970632,bankcard
508,2,508,508,508,508,52469.36,17403,2014-09-28 02:46:23,2014-10-17 02:46:23,4751009184,jcb
509,2,509,509,509,509,85523.01,12614,2012-12-29 08:50:48,2013-01-23 08:50:48,0291780229,jcb
510,1,510,510,510,510,18113.09,1559,2008-12-28 00:28:25,2009-01-18 00:28:25,0496151274,visa
511,2,511,511,511,511,63684.52,9590,2006-08-14 03:47:57,2006-08-23 03:47:57,2910609073,jcb
512,1,512,512,512,512,30282.88,9170,2019-08-27 08:29:19,2019-09-10 08:29:19,6876156753,switch
513,2,513,513,513,513,41935.8,866,2014-02-12 19:36:05,2014-02-21 19:36:05,9448991851,switch
514,2,514,514,514,514,31055.78,10532,2016-05-17 01:17:02,2016-05-25 01:17:02,0709675151,mastercard
515,1,515,515,515,515,63783.1,12759,2019-07-22 04:43:35,2019-07-26 04:43:35,8314999806,diners-club-carte-blanche
516,2,516,516,516,516,59118.22,513,2020-07-11 01:01:06,2020-07-18 01:01:06,5292774553,visa
517,2,517,517,517,517,21012.07,8813,2006-07-29 20:20:10,2006-07-30 20:20:10,0873449827,mastercard
518,1,518,518,518,518,61056.61,8432,2011-04-25 19:11:40,2011-05-01 19:11:40,1600625533,americanexpress
519,2,519,519,519,519,89946.15,10552,2018-10-18 21:51:39,2018-11-16 21:51:39,2866961730,solo
520,2,520,520,520,520,19069.0,12491,2005-12-01 19:56:05,2005-12-15 19:56:05,7569071212,jcb
521,2,521,521,521,521,66206.31,11566,2012-07-15 14:32:14,2012-08-02 14:32:14,1308802862,jcb
522,1,522,522,522,522,97487.37,5126,2014-10-30 21:38:25,2014-11-25 21:38:25,6699563122,jcb
523,1,523,523,523,523,89319.99,6576,2013-11-10 23:51:02,2013-12-06 23:51:02,1254687165,jcb
524,2,524,524,524,524,68694.53,17042,2017-06-28 11:23:37,2017-07-23 11:23:37,3438531747,china-unionpay
525,1,525,525,525,525,85798.65,13714,2015-02-23 03:51:40,2015-03-25 03:51:40,2674732008,americanexpress
526,1,526,526,526,526,35274.93,13487,2016-02-20 00:43:52,2016-02-21 00:43:52,6183988251,jcb
527,1,527,527,527,527,23594.13,2468,2013-08-01 05:58:20,2013-08-30 05:58:20,2184235709,mastercard
528,1,528,528,528,528,59222.7,3942,2012-09-01 13:17:45,2012-10-01 13:17:45,2661810382,jcb
529,2,529,529,529,529,66045.23,789,2012-03-25 20:44:35,2012-04-22 20:44:35,7058661464,jcb
530,1,530,530,530,530,18958.69,5893,2008-11-24 01:13:15,2008-11-27 01:13:15,1051432650,china-unionpay
531,1,531,531,531,531,37361.8,13237,2007-08-13 18:58:33,2007-08-16 18:58:33,2010072847,jcb
532,2,532,532,532,532,41662.93,10434,2014-01-03 18:49:26,2014-01-08 18:49:26,9408497317,jcb
533,1,533,533,533,533,68006.21,11814,2008-06-18 04:06:58,2008-07-14 04:06:58,5938762782,jcb
534,2,534,534,534,534,43317.96,4180,2008-09-03 13:51:16,2008-09-14 13:51:16,8782253420,bankcard
535,1,535,535,535,535,52408.0,6190,2005-10-14 23:18:35,2005-10-28 23:18:35,6477143879,bankcard
536,1,536,536,536,536,72786.19,7260,2005-09-02 04:35:20,2005-09-12 04:35:20,6934396103,switch
537,2,537,537,537,537,38158.45,4965,2019-07-05 14:06:48,2019-07-29 14:06:48,5734947172,jcb
538,1,538,538,538,538,81099.11,17845,2013-05-10 06:04:45,2013-05-31 06:04:45,6568386286,americanexpress
539,1,539,539,539,539,71153.81,8035,2007-10-08 03:56:22,2007-10-09 03:56:22,9946522144,bankcard
540,2,540,540,540,540,29032.1,5796,2009-02-14 06:57:36,2009-03-05 06:57:36,7347345782,americanexpress
541,1,541,541,541,541,93680.56,10216,2008-04-01 03:53:41,2008-04-07 03:53:41,9757990515,jcb
542,2,542,542,542,542,64862.99,8755,2011-07-12 13:46:53,2011-07-28 13:46:53,3406935532,americanexpress
543,2,543,543,543,543,43797.68,10678,2020-05-15 22:07:11,2020-05-16 22:07:11,6161483912,jcb
544,2,544,544,544,544,94822.55,9031,2013-01-24 00:21:27,2013-02-22 00:21:27,2334905011,jcb
545,2,545,545,545,545,99990.5,11811,2009-04-05 13:55:18,2009-04-11 13:55:18,4612227379,diners-club-carte-blanche
546,1,546,546,546,546,83325.85,2930,2007-11-22 15:26:01,2007-12-06 15:26:01,6594267752,visa
547,1,547,547,547,547,34033.13,4111,2010-04-11 03:14:55,2010-04-24 03:14:55,1719451605,jcb
548,2,548,548,548,548,57946.45,10337,2012-07-02 14:25:52,2012-07-14 14:25:52,3011761663,laser
549,1,549,549,549,549,24880.01,14057,2008-07-06 04:16:00,2008-08-03 04:16:00,5323433779,jcb
550,2,550,550,550,550,99011.89,5932,2008-08-27 14:34:27,2008-09-03 14:34:27,1751203409,americanexpress
551,2,551,551,551,551,20769.93,12476,2017-06-16 17:15:34,2017-07-12 17:15:34,8203370144,jcb
552,2,552,552,552,552,26525.34,6312,2018-11-19 23:04:17,2018-11-24 23:04:17,3555844083,maestro
553,2,553,553,553,553,60215.87,14905,2011-12-16 06:40:48,2011-12-28 06:40:48,6685294728,solo
554,1,554,554,554,554,85272.66,3750,2008-10-19 01:18:19,2008-10-25 01:18:19,2870630956,china-unionpay
555,2,555,555,555,555,55600.56,3706,2018-11-06 16:30:08,2018-11-17 16:30:08,9620788907,visa-electron
556,1,556,556,556,556,79488.18,3193,2011-05-23 11:59:06,2011-05-31 11:59:06,6273056404,visa
557,2,557,557,557,557,88448.67,10488,2007-08-23 10:33:43,2007-09-02 10:33:43,9440678984,jcb
558,1,558,558,558,558,59882.12,16560,2013-12-08 03:09:30,2013-12-13 03:09:30,9794246131,visa-electron
559,2,559,559,559,559,74910.59,9414,2015-06-22 20:28:20,2015-07-10 20:28:20,3111803570,jcb
560,1,560,560,560,560,28626.85,15707,2011-07-25 18:26:07,2011-08-04 18:26:07,6804974670,jcb
561,1,561,561,561,561,35546.19,15791,2016-01-21 14:01:08,2016-02-13 14:01:08,7987013145,china-unionpay
562,1,562,562,562,562,41264.72,1599,2006-12-13 21:00:07,2007-01-10 21:00:07,9000710278,mastercard
563,2,563,563,563,563,42323.93,17498,2019-05-02 09:17:17,2019-05-20 09:17:17,3733883764,jcb
564,2,564,564,564,564,26058.53,7985,2019-02-11 04:06:37,2019-03-11 04:06:37,6482692117,jcb
565,2,565,565,565,565,97849.64,14498,2007-09-18 17:45:26,2007-10-02 17:45:26,9750473965,jcb
566,2,566,566,566,566,42290.78,11255,2010-12-15 07:22:14,2010-12-30 07:22:14,1867001489,jcb
567,2,567,567,567,567,24270.64,3837,2007-06-08 06:04:24,2007-06-12 06:04:24,4361285217,diners-club-carte-blanche
568,1,568,568,568,568,36060.56,16420,2010-11-24 04:45:26,2010-11-30 04:45:26,4648397282,jcb
569,1,569,569,569,569,33171.16,2925,2012-08-26 14:51:43,2012-09-25 14:51:43,8334734123,jcb
570,1,570,570,570,570,49206.25,10959,2018-04-21 17:57:40,2018-05-08 17:57:40,4382748860,jcb
571,2,571,571,571,571,59902.57,2998,2007-06-09 02:19:36,2007-06-23 02:19:36,9937892589,instapayment
572,2,572,572,572,572,33766.46,16187,2005-12-14 13:41:09,2006-01-02 13:41:09,8996157570,jcb
573,1,573,573,573,573,56382.45,14900,2019-01-04 23:57:04,2019-01-20 23:57:04,8656059734,mastercard
574,2,574,574,574,574,41996.8,13819,2015-02-20 10:25:52,2015-03-21 10:25:52,1185102795,jcb
575,1,575,575,575,575,98150.95,7303,2014-10-18 17:31:36,2014-11-01 17:31:36,3254248236,instapayment
576,1,576,576,576,576,27192.22,3006,2019-07-01 10:15:25,2019-07-08 10:15:25,6145915218,jcb
577,1,577,577,577,577,58628.46,8672,2008-05-07 10:40:20,2008-05-23 10:40:20,5964198236,jcb
578,1,578,578,578,578,76845.3,5788,2019-09-06 03:32:33,2019-09-25 03:32:33,3101824990,jcb
579,1,579,579,579,579,91346.49,2979,2006-12-08 05:30:14,2007-01-03 05:30:14,5863843659,jcb
580,2,580,580,580,580,95463.47,14250,2012-04-08 02:26:01,2012-04-23 02:26:01,2739766955,jcb
581,1,581,581,581,581,34858.38,1181,2009-06-02 15:09:28,2009-06-13 15:09:28,5708401591,jcb
582,1,582,582,582,582,59804.65,8238,2007-12-23 04:34:26,2008-01-11 04:34:26,4065394929,mastercard
583,2,583,583,583,583,53540.0,17343,2016-01-15 04:43:00,2016-02-09 04:43:00,0657717177,bankcard
584,1,584,584,584,584,88046.03,7167,2017-11-16 12:23:24,2017-11-17 12:23:24,6942380660,jcb
585,2,585,585,585,585,96767.2,13658,2005-07-20 17:46:50,2005-08-17 17:46:50,6455485408,jcb
586,1,586,586,586,586,98683.15,16754,2007-07-15 03:33:59,2007-08-03 03:33:59,4579115031,mastercard
587,2,587,587,587,587,88406.24,916,2013-06-15 05:51:51,2013-07-06 05:51:51,8280268200,jcb
588,1,588,588,588,588,49789.97,12254,2010-11-18 21:48:14,2010-11-24 21:48:14,9672047711,jcb
589,2,589,589,589,589,91512.57,12984,2015-08-13 05:08:18,2015-08-23 05:08:18,7762105093,jcb
590,1,590,590,590,590,80088.0,13812,2019-05-30 01:44:28,2019-06-28 01:44:28,2880353564,visa
591,1,591,591,591,591,19847.49,17694,2006-03-14 01:16:32,2006-03-23 01:16:32,1974223132,diners-club-carte-blanche
592,2,592,592,592,592,60943.22,1834,2008-12-21 08:03:19,2009-01-18 08:03:19,7194803089,jcb
593,1,593,593,593,593,86169.83,526,2019-12-27 23:34:30,2020-01-02 23:34:30,4252748860,switch
594,2,594,594,594,594,35930.55,7827,2015-08-14 22:59:11,2015-08-27 22:59:11,0057121486,jcb
595,1,595,595,595,595,25741.58,9066,2013-05-21 09:00:51,2013-05-25 09:00:51,5636980817,jcb
596,2,596,596,596,596,34784.62,7769,2011-11-21 07:04:40,2011-12-13 07:04:40,6385777367,laser
597,1,597,597,597,597,49931.83,12612,2012-09-14 01:09:56,2012-10-11 01:09:56,5217086106,jcb
598,1,598,598,598,598,83201.69,6014,2019-09-13 12:48:55,2019-10-09 12:48:55,3275289195,visa-electron
599,2,599,599,599,599,66733.2,8942,2011-03-01 00:21:17,2011-03-05 00:21:17,3070067697,americanexpress
600,1,600,600,600,600,38701.32,12912,2011-04-09 07:37:06,2011-04-13 07:37:06,3923972415,maestro
601,2,601,601,601,601,64642.05,11893,2016-08-14 10:25:02,2016-08-21 10:25:02,2382190973,jcb
602,2,602,602,602,602,27555.33,12367,2006-08-02 08:15:08,2006-08-21 08:15:08,9054965681,switch
603,2,603,603,603,603,62076.07,14025,2018-03-23 17:15:23,2018-03-27 17:15:23,7281710488,jcb
604,1,604,604,604,604,99395.01,17116,2018-06-15 07:01:51,2018-07-03 07:01:51,1649720149,bankcard
605,2,605,605,605,605,44836.56,10349,2014-02-12 05:19:56,2014-02-23 05:19:56,5520361231,visa-electron
606,1,606,606,606,606,51030.53,9213,2006-12-14 07:46:16,2006-12-24 07:46:16,3460309180,jcb
607,2,607,607,607,607,79775.22,912,2016-03-22 01:08:41,2016-04-01 01:08:41,7019379389,americanexpress
608,1,608,608,608,608,91319.11,16495,2013-07-06 17:30:09,2013-07-26 17:30:09,5409751817,diners-club-us-ca
609,1,609,609,609,609,42100.28,4314,2013-04-29 12:07:00,2013-05-22 12:07:00,2196575283,bankcard
610,1,610,610,610,610,29895.59,8938,2013-03-22 10:50:20,2013-03-26 10:50:20,2682036341,jcb
611,2,611,611,611,611,98301.17,13534,2014-05-14 16:50:29,2014-05-26 16:50:29,7880651373,switch
612,1,612,612,612,612,21540.12,14932,2013-06-26 09:12:26,2013-07-24 09:12:26,2870982313,jcb
613,1,613,613,613,613,65347.55,1988,2016-06-21 05:56:09,2016-07-14 05:56:09,7455753446,mastercard
614,2,614,614,614,614,52268.27,3825,2013-06-03 02:40:14,2013-06-07 02:40:14,3084185654,mastercard
615,1,615,615,615,615,63715.98,6516,2009-10-30 02:15:27,2009-11-21 02:15:27,6253616986,china-unionpay
616,2,616,616,616,616,95783.15,7874,2011-10-22 18:02:42,2011-11-03 18:02:42,3574426208,diners-club-carte-blanche
617,2,617,617,617,617,76240.33,1986,2015-05-11 01:15:54,2015-05-30 01:15:54,2711761991,diners-club-enroute
618,1,618,618,618,618,72449.99,14496,2014-04-05 14:03:03,2014-04-23 14:03:03,1682690180,diners-club-enroute
619,2,619,619,619,619,59118.16,13237,2009-06-22 13:13:23,2009-07-12 13:13:23,4775610015,jcb
620,2,620,620,620,620,92811.92,15511,2013-01-28 04:46:45,2013-02-03 04:46:45,7686442292,bankcard
621,2,621,621,621,621,77779.74,8671,2007-09-18 17:38:20,2007-09-21 17:38:20,2083039793,mastercard
622,2,622,622,622,622,55328.16,12685,2018-01-03 10:43:28,2018-01-14 10:43:28,2437358811,americanexpress
623,1,623,623,623,623,51631.25,11891,2008-05-13 23:00:59,2008-05-14 23:00:59,3970920086,mastercard
624,2,624,624,624,624,24623.77,15537,2013-07-22 08:27:28,2013-08-01 08:27:28,7813608461,jcb
625,2,625,625,625,625,91119.69,5475,2016-03-07 23:03:41,2016-03-13 23:03:41,7335727928,jcb
626,1,626,626,626,626,82143.36,10298,2008-02-21 23:11:40,2008-03-07 23:11:40,7726754443,jcb
627,1,627,627,627,627,85463.49,15713,2006-03-17 19:24:23,2006-04-02 19:24:23,3194587366,jcb
628,2,628,628,628,628,88979.71,9032,2011-11-15 22:54:18,2011-11-25 22:54:18,7141982329,switch
629,1,629,629,629,629,80115.43,8324,2008-10-31 13:13:09,2008-11-25 13:13:09,0096944471,visa-electron
630,2,630,630,630,630,61375.53,8666,2011-02-22 17:40:01,2011-03-20 17:40:01,4412409465,jcb
631,2,631,631,631,631,74790.11,7206,2016-09-24 12:18:28,2016-10-08 12:18:28,6004328871,visa
632,1,632,632,632,632,67377.94,1670,2009-01-14 20:37:56,2009-01-19 20:37:56,2476799912,mastercard
633,2,633,633,633,633,51481.09,15393,2020-06-28 20:07:37,2020-07-18 20:07:37,1387818643,instapayment
634,1,634,634,634,634,46915.2,4719,2019-08-28 05:30:47,2019-09-11 05:30:47,7979246217,diners-club-enroute
635,2,635,635,635,635,61482.03,15564,2011-05-08 02:30:19,2011-06-01 02:30:19,3480126235,visa-electron
636,2,636,636,636,636,50495.49,13999,2009-11-17 13:06:35,2009-11-20 13:06:35,4565479729,visa-electron
637,1,637,637,637,637,59494.27,1850,2010-10-27 00:10:20,2010-10-28 00:10:20,4091206026,mastercard
638,1,638,638,638,638,26713.28,843,2009-10-17 20:32:29,2009-10-23 20:32:29,9398148277,laser
639,2,639,639,639,639,23771.21,8077,2011-09-19 01:17:57,2011-09-30 01:17:57,8849406398,jcb
640,1,640,640,640,640,59546.05,10891,2017-04-25 19:28:00,2017-05-21 19:28:00,5820547489,jcb
641,2,641,641,641,641,30866.26,11958,2019-01-18 22:52:41,2019-01-28 22:52:41,1699354200,jcb
642,1,642,642,642,642,22583.76,3496,2006-05-31 23:52:14,2006-06-16 23:52:14,4936063681,mastercard
643,1,643,643,643,643,41055.1,11474,2008-12-05 02:14:19,2008-12-29 02:14:19,0427899788,jcb
644,1,644,644,644,644,25493.99,1012,2012-08-08 18:30:56,2012-09-03 18:30:56,0741173468,solo
645,2,645,645,645,645,96198.83,1671,2017-07-04 18:59:58,2017-08-02 18:59:58,3422733868,jcb
646,1,646,646,646,646,26670.81,13501,2010-12-28 23:21:03,2010-12-30 23:21:03,3808644036,laser
647,1,647,647,647,647,45081.32,5057,2007-02-02 15:23:51,2007-03-04 15:23:51,9258503864,visa
648,1,648,648,648,648,77593.26,14186,2012-05-06 00:54:03,2012-06-03 00:54:03,6348250970,jcb
649,1,649,649,649,649,84315.7,15398,2011-01-11 04:21:01,2011-01-13 04:21:01,9087106238,jcb
650,2,650,650,650,650,86321.86,4763,2013-12-07 14:32:27,2013-12-28 14:32:27,7753868969,jcb
651,1,651,651,651,651,80484.34,12539,2015-09-19 14:33:50,2015-10-07 14:33:50,4712039469,maestro
652,1,652,652,652,652,25530.48,4711,2005-10-10 13:40:24,2005-10-23 13:40:24,5835402287,mastercard
653,2,653,653,653,653,94005.41,16459,2019-07-26 01:26:11,2019-08-01 01:26:11,5886028498,diners-club-enroute
654,2,654,654,654,654,78116.76,5450,2013-11-08 20:41:13,2013-11-29 20:41:13,2318169594,jcb
655,2,655,655,655,655,81669.78,8339,2011-01-31 04:23:04,2011-02-21 04:23:04,8983300507,mastercard
656,2,656,656,656,656,79378.27,3984,2009-01-30 02:19:57,2009-02-24 02:19:57,3020817412,jcb
657,2,657,657,657,657,62596.26,11134,2006-12-12 16:56:33,2006-12-24 16:56:33,6861131954,jcb
658,1,658,658,658,658,45937.67,4721,2016-02-19 17:28:27,2016-02-24 17:28:27,0218413858,visa-electron
659,1,659,659,659,659,34034.51,15431,2009-10-29 11:03:00,2009-11-25 11:03:00,5000163176,jcb
660,1,660,660,660,660,67529.96,16170,2013-12-14 23:38:06,2014-01-12 23:38:06,3713444277,maestro
661,1,661,661,661,661,77663.0,8056,2019-12-05 14:51:26,2019-12-26 14:51:26,2546057081,laser
662,2,662,662,662,662,44871.47,14595,2014-04-10 23:21:22,2014-05-04 23:21:22,6774660827,bankcard
663,1,663,663,663,663,90342.97,7552,2007-08-10 03:05:42,2007-08-15 03:05:42,4226730550,solo
664,2,664,664,664,664,20115.99,17343,2018-06-25 00:20:52,2018-07-02 00:20:52,0239911229,mastercard
665,2,665,665,665,665,51239.09,7109,2013-04-10 16:37:37,2013-04-22 16:37:37,8782135762,maestro
666,1,666,666,666,666,28438.04,12634,2017-01-06 11:16:53,2017-01-29 11:16:53,4405752494,jcb
667,1,667,667,667,667,42522.57,4493,2012-12-30 01:35:37,2013-01-10 01:35:37,7079141397,jcb
668,1,668,668,668,668,32371.16,14475,2014-06-22 17:43:59,2014-07-20 17:43:59,6230544253,jcb
669,2,669,669,669,669,96740.69,12902,2015-04-29 03:30:34,2015-05-16 03:30:34,7332292378,mastercard
670,1,670,670,670,670,25814.88,12596,2016-03-11 07:35:11,2016-03-19 07:35:11,1066176345,mastercard
671,2,671,671,671,671,36782.01,3287,2009-07-23 07:31:51,2009-08-13 07:31:51,3439255484,mastercard
672,1,672,672,672,672,22932.36,11445,2008-07-11 23:56:57,2008-07-13 23:56:57,5890908243,mastercard
673,2,673,673,673,673,55431.44,1296,2015-07-18 09:02:39,2015-07-28 09:02:39,6706333085,jcb
674,1,674,674,674,674,29637.05,6242,2013-07-04 12:44:27,2013-07-07 12:44:27,3481948735,mastercard
675,1,675,675,675,675,41566.23,3765,2016-03-25 08:21:50,2016-04-22 08:21:50,6203846155,americanexpress
676,2,676,676,676,676,73445.64,6881,2014-03-23 06:31:12,2014-04-06 06:31:12,6148059142,diners-club-carte-blanche
677,2,677,677,677,677,38309.67,5739,2005-05-22 03:50:29,2005-06-18 03:50:29,7887753341,maestro
678,1,678,678,678,678,30632.24,14365,2006-06-22 19:00:57,2006-07-06 19:00:57,0260035556,maestro
679,2,679,679,679,679,37844.9,12858,2010-08-20 10:08:10,2010-09-12 10:08:10,6422303475,jcb
680,1,680,680,680,680,71894.4,2183,2007-09-03 16:16:36,2007-09-16 16:16:36,1637005563,jcb
681,2,681,681,681,681,82386.95,859,2013-09-22 20:16:11,2013-10-19 20:16:11,6287438924,diners-club-us-ca
682,2,682,682,682,682,71906.34,10283,2018-03-27 01:57:14,2018-04-07 01:57:14,3937715371,jcb
683,1,683,683,683,683,59862.32,15317,2020-05-06 23:17:37,2020-06-02 23:17:37,4792013909,jcb
684,2,684,684,684,684,70549.21,5215,2014-09-01 23:53:13,2014-09-03 23:53:13,9058260534,laser
685,1,685,685,685,685,31725.92,12607,2018-12-28 09:59:47,2019-01-02 09:59:47,7909114893,visa-electron
686,1,686,686,686,686,20172.61,12730,2014-08-28 19:25:33,2014-09-07 19:25:33,7132837613,visa-electron
687,2,687,687,687,687,75971.0,3217,2016-03-12 06:06:49,2016-03-14 06:06:49,4547580510,jcb
688,2,688,688,688,688,89961.36,8241,2015-02-28 14:57:48,2015-03-17 14:57:48,1991167423,jcb
689,2,689,689,689,689,61071.04,5295,2008-07-25 05:23:25,2008-08-06 05:23:25,2921679698,switch
690,1,690,690,690,690,31855.2,2364,2007-05-09 20:48:03,2007-05-22 20:48:03,4998027603,china-unionpay
691,1,691,691,691,691,89003.04,16030,2019-06-28 01:59:40,2019-07-15 01:59:40,7967679474,jcb
692,1,692,692,692,692,45810.46,3372,2013-12-22 03:02:22,2014-01-14 03:02:22,0145903567,jcb
693,1,693,693,693,693,94109.63,15926,2006-05-16 22:42:56,2006-06-09 22:42:56,0844995827,visa-electron
694,1,694,694,694,694,83471.98,9831,2008-11-26 16:08:35,2008-12-07 16:08:35,4246930725,jcb
695,1,695,695,695,695,83625.08,7223,2014-07-26 05:54:17,2014-08-04 05:54:17,5400744877,jcb
696,2,696,696,696,696,74031.46,2406,2011-09-14 23:42:17,2011-09-18 23:42:17,3772164617,jcb
697,1,697,697,697,697,34836.73,17445,2010-07-13 04:41:53,2010-07-26 04:41:53,0668991569,jcb
698,2,698,698,698,698,50169.15,15488,2014-12-30 15:33:34,2015-01-17 15:33:34,6938310483,instapayment
699,1,699,699,699,699,76900.19,14457,2017-02-23 17:15:34,2017-03-15 17:15:34,6806808417,jcb
700,2,700,700,700,700,34742.56,10527,2010-09-03 10:58:35,2010-10-03 10:58:35,0770515681,jcb
701,2,701,701,701,701,33470.18,10595,2014-01-03 22:15:43,2014-01-06 22:15:43,7885965368,jcb
702,2,702,702,702,702,70485.29,16377,2013-10-17 01:46:26,2013-10-29 01:46:26,3821766719,maestro
703,2,703,703,703,703,59346.58,13432,2020-06-28 17:34:47,2020-07-01 17:34:47,2510377728,jcb
704,1,704,704,704,704,46720.53,6991,2013-03-20 12:09:23,2013-04-08 12:09:23,7144276247,visa
705,2,705,705,705,705,21903.22,17507,2010-03-31 13:10:39,2010-04-05 13:10:39,5130420411,jcb
706,1,706,706,706,706,89445.02,4667,2009-07-23 08:02:23,2009-08-03 08:02:23,4451499038,jcb
707,1,707,707,707,707,67127.09,13758,2015-12-14 10:42:28,2015-12-19 10:42:28,9894655068,diners-club-carte-blanche
708,1,708,708,708,708,70869.58,13042,2006-04-29 23:17:44,2006-05-28 23:17:44,5615903376,jcb
709,1,709,709,709,709,44670.18,1730,2009-12-11 23:35:09,2009-12-30 23:35:09,6141418732,diners-club-international
710,1,710,710,710,710,61571.21,6913,2005-12-20 00:52:05,2006-01-10 00:52:05,3523319641,jcb
711,2,711,711,711,711,28168.69,9111,2017-03-31 11:54:51,2017-04-25 11:54:51,1500743259,visa-electron
712,2,712,712,712,712,63360.78,14785,2017-11-04 09:40:06,2017-11-23 09:40:06,3295046549,instapayment
713,2,713,713,713,713,38573.37,17211,2008-10-07 10:47:24,2008-10-16 10:47:24,9878762831,jcb
714,2,714,714,714,714,46812.54,9616,2005-05-09 18:11:42,2005-05-29 18:11:42,1993671005,laser
715,1,715,715,715,715,55557.76,6453,2015-03-25 20:33:06,2015-04-19 20:33:06,7369875814,visa-electron
716,1,716,716,716,716,78011.25,15074,2017-11-02 20:52:45,2017-11-23 20:52:45,2258931894,jcb
717,1,717,717,717,717,94122.37,14469,2008-01-24 19:53:04,2008-02-10 19:53:04,2588842402,jcb
718,1,718,718,718,718,74872.04,12129,2007-10-30 17:31:01,2007-11-01 17:31:01,9604527266,visa
719,1,719,719,719,719,27985.69,13451,2019-06-15 06:29:44,2019-06-19 06:29:44,6999656088,diners-club-carte-blanche
720,2,720,720,720,720,74473.16,6138,2005-07-05 09:58:32,2005-07-20 09:58:32,2896777652,switch
721,1,721,721,721,721,44616.87,3144,2020-06-04 20:11:06,2020-06-16 20:11:06,5125803162,switch
722,2,722,722,722,722,28639.62,15192,2008-07-06 00:34:09,2008-07-31 00:34:09,4960871563,jcb
723,2,723,723,723,723,78066.73,9592,2010-02-02 12:08:58,2010-03-02 12:08:58,0978708210,laser
724,2,724,724,724,724,76876.97,10601,2010-01-17 16:59:21,2010-01-31 16:59:21,8580428394,jcb
725,1,725,725,725,725,97604.26,11770,2019-10-21 21:19:51,2019-10-29 21:19:51,3221544863,mastercard
726,2,726,726,726,726,48860.22,13527,2010-12-24 20:56:37,2010-12-27 20:56:37,3143005432,maestro
727,1,727,727,727,727,22191.43,10900,2015-05-29 23:16:00,2015-06-25 23:16:00,5157996373,diners-club-carte-blanche
728,2,728,728,728,728,52198.11,15454,2009-05-06 02:39:07,2009-05-24 02:39:07,5475966885,jcb
729,1,729,729,729,729,28443.54,3653,2017-12-21 04:48:18,2018-01-04 04:48:18,4730868439,diners-club-carte-blanche
730,2,730,730,730,730,39351.68,12293,2019-04-21 18:45:26,2019-04-29 18:45:26,4051809889,visa-electron
731,1,731,731,731,731,42577.19,13002,2020-06-21 19:02:54,2020-07-09 19:02:54,6964882413,mastercard
732,2,732,732,732,732,62187.65,15104,2017-04-17 01:49:29,2017-04-22 01:49:29,3627663713,jcb
733,2,733,733,733,733,75632.98,13171,2020-02-28 03:54:19,2020-03-02 03:54:19,5742108303,americanexpress
734,1,734,734,734,734,75350.49,6817,2013-08-29 07:00:17,2013-08-31 07:00:17,8334684495,maestro
735,1,735,735,735,735,72241.46,9135,2011-12-08 18:25:45,2011-12-18 18:25:45,4144508528,maestro
736,2,736,736,736,736,92833.72,12289,2005-08-06 13:16:06,2005-08-25 13:16:06,6179690839,jcb
737,2,737,737,737,737,52822.44,3251,2013-03-18 02:06:47,2013-03-29 02:06:47,8907682216,maestro
738,2,738,738,738,738,24092.69,14712,2016-03-16 03:07:56,2016-03-30 03:07:56,6169382201,jcb
739,2,739,739,739,739,30312.64,7735,2015-02-10 23:00:46,2015-03-09 23:00:46,4445260495,jcb
740,1,740,740,740,740,38962.31,14424,2008-12-25 16:21:38,2009-01-06 16:21:38,8726985322,jcb
741,2,741,741,741,741,54744.1,2155,2008-11-05 10:31:40,2008-11-08 10:31:40,7521024451,china-unionpay
742,1,742,742,742,742,85990.72,3615,2015-12-11 07:05:27,2015-12-31 07:05:27,6445332307,bankcard
743,1,743,743,743,743,30106.24,14506,2012-07-20 13:30:21,2012-08-08 13:30:21,4086376016,maestro
744,2,744,744,744,744,77019.48,1923,2007-03-08 21:09:10,2007-04-01 21:09:10,5101062723,mastercard
745,1,745,745,745,745,42859.3,10056,2006-03-28 16:35:59,2006-04-08 16:35:59,0729329380,mastercard
746,2,746,746,746,746,37152.7,3117,2016-03-07 06:00:08,2016-04-04 06:00:08,8608731290,jcb
747,1,747,747,747,747,43358.59,4830,2014-03-14 01:14:28,2014-03-17 01:14:28,0044239580,instapayment
748,1,748,748,748,748,61845.27,7410,2017-10-14 11:15:59,2017-10-18 11:15:59,6640121786,jcb
749,1,749,749,749,749,74925.23,17285,2005-08-11 17:13:51,2005-08-23 17:13:51,8585395389,mastercard
750,2,750,750,750,750,26758.54,13249,2006-09-14 10:27:42,2006-09-18 10:27:42,9876287877,instapayment
751,2,751,751,751,751,20893.25,12312,2017-10-17 09:42:04,2017-10-28 09:42:04,8133076412,jcb
752,1,752,752,752,752,60135.02,14479,2017-01-26 00:43:49,2017-02-20 00:43:49,9210291387,jcb
753,2,753,753,753,753,65824.29,17541,2018-02-14 12:27:14,2018-02-25 12:27:14,9769314366,jcb
754,2,754,754,754,754,43994.27,13921,2017-08-13 04:04:02,2017-09-04 04:04:02,8204881622,jcb
755,2,755,755,755,755,95471.58,4590,2013-09-18 20:44:20,2013-10-13 20:44:20,5794281685,instapayment
756,1,756,756,756,756,66514.33,7358,2008-12-04 06:01:20,2008-12-25 06:01:20,3929270463,jcb
757,1,757,757,757,757,58463.33,12957,2020-05-03 01:37:54,2020-05-17 01:37:54,3898006158,mastercard
758,2,758,758,758,758,64071.91,2378,2005-05-29 11:51:49,2005-06-12 11:51:49,8711218215,visa-electron
759,1,759,759,759,759,83334.82,11243,2007-01-27 03:51:10,2007-02-20 03:51:10,4435123487,diners-club-us-ca
760,2,760,760,760,760,30252.9,16632,2019-12-25 13:36:58,2020-01-08 13:36:58,8152302627,mastercard
761,2,761,761,761,761,74941.59,16222,2010-12-01 04:23:12,2010-12-16 04:23:12,9002962711,switch
762,2,762,762,762,762,63228.97,15605,2016-03-24 16:16:56,2016-04-14 16:16:56,1054752559,china-unionpay
763,2,763,763,763,763,27375.27,11270,2016-06-20 16:34:26,2016-07-10 16:34:26,3423197412,jcb
764,2,764,764,764,764,26395.37,3304,2015-04-07 11:30:23,2015-04-22 11:30:23,5356320779,diners-club-carte-blanche
765,1,765,765,765,765,66356.52,2514,2013-01-05 08:38:07,2013-01-10 08:38:07,8704138260,jcb
766,2,766,766,766,766,53344.99,12319,2006-03-11 00:46:03,2006-03-30 00:46:03,5710314439,mastercard
767,2,767,767,767,767,44862.14,11587,2011-12-21 03:48:33,2011-12-28 03:48:33,9329629962,visa
768,2,768,768,768,768,75678.27,9755,2013-12-11 13:28:40,2013-12-22 13:28:40,2859332510,diners-club-carte-blanche
769,1,769,769,769,769,48727.41,7131,2009-10-20 02:15:42,2009-11-18 02:15:42,9841617331,mastercard
770,1,770,770,770,770,18767.7,8650,2015-05-04 12:15:32,2015-05-19 12:15:32,2326557239,mastercard
771,1,771,771,771,771,74536.91,9446,2006-01-21 21:15:41,2006-01-31 21:15:41,1311517456,jcb
772,1,772,772,772,772,50614.48,12449,2019-01-09 04:20:38,2019-01-19 04:20:38,4853070818,china-unionpay
773,1,773,773,773,773,42973.07,8289,2012-01-18 20:19:08,2012-02-03 20:19:08,6940049851,switch
774,2,774,774,774,774,61610.28,12955,2006-02-01 22:14:10,2006-02-25 22:14:10,4054822428,visa-electron
775,1,775,775,775,775,76911.77,3886,2020-06-03 04:11:51,2020-06-19 04:11:51,1404189254,jcb
776,1,776,776,776,776,58723.7,17347,2013-08-16 06:01:43,2013-09-01 06:01:43,4880752436,laser
777,1,777,777,777,777,58329.64,676,2017-09-13 19:51:31,2017-09-28 19:51:31,3779834197,mastercard
778,2,778,778,778,778,33449.76,15233,2019-07-14 09:00:57,2019-08-11 09:00:57,2275267018,jcb
779,1,779,779,779,779,20641.65,7554,2015-05-26 13:50:41,2015-06-23 13:50:41,4197360592,diners-club-us-ca
780,2,780,780,780,780,92032.77,1216,2010-09-03 23:49:21,2010-09-12 23:49:21,9645475503,jcb
781,2,781,781,781,781,77065.0,7530,2018-10-12 14:40:56,2018-11-03 14:40:56,4962701940,americanexpress
782,1,782,782,782,782,35454.14,8038,2005-07-02 00:33:00,2005-07-13 00:33:00,8197270910,jcb
783,2,783,783,783,783,85572.89,11402,2005-06-02 11:02:57,2005-06-06 11:02:57,8102908971,china-unionpay
784,1,784,784,784,784,99829.9,5599,2018-10-25 02:00:45,2018-10-29 02:00:45,0521956625,jcb
785,2,785,785,785,785,32912.43,12784,2005-05-05 04:43:09,2005-05-28 04:43:09,4439594409,switch
786,2,786,786,786,786,25416.7,5457,2016-03-29 07:19:56,2016-04-15 07:19:56,1166717879,diners-club-enroute
787,1,787,787,787,787,74268.71,13218,2011-06-06 06:50:46,2011-07-03 06:50:46,3705590030,laser
788,1,788,788,788,788,99536.92,13612,2019-05-27 23:32:04,2019-06-16 23:32:04,3195817454,switch
789,1,789,789,789,789,33054.55,15744,2019-12-29 18:16:52,2020-01-01 18:16:52,6056421392,laser
790,2,790,790,790,790,68078.72,6939,2006-07-30 16:06:44,2006-08-27 16:06:44,8289727550,jcb
791,1,791,791,791,791,26680.31,10587,2016-07-01 21:44:59,2016-07-11 21:44:59,8591211286,americanexpress
792,1,792,792,792,792,61436.99,13363,2015-06-19 16:26:33,2015-06-26 16:26:33,7957615120,diners-club-enroute
793,1,793,793,793,793,84658.51,15920,2013-09-19 13:21:53,2013-10-16 13:21:53,6537754240,maestro
794,2,794,794,794,794,23116.32,17197,2009-10-11 16:17:10,2009-10-17 16:17:10,6293403193,jcb
795,1,795,795,795,795,48102.6,11843,2007-10-05 05:39:48,2007-10-18 05:39:48,2612070265,jcb
796,2,796,796,796,796,87126.76,13760,2008-08-11 00:56:16,2008-08-26 00:56:16,4526637661,diners-club-carte-blanche
797,1,797,797,797,797,60677.24,14091,2006-08-13 10:34:21,2006-08-24 10:34:21,3584449502,jcb
798,2,798,798,798,798,82578.64,1089,2018-12-20 14:44:07,2019-01-08 14:44:07,1172519897,jcb
799,1,799,799,799,799,35431.18,17119,2009-09-21 00:17:30,2009-10-17 00:17:30,4791327276,visa
800,1,800,800,800,800,18725.63,16277,2016-08-06 10:01:47,2016-08-24 10:01:47,4337218084,bankcard
801,1,801,801,801,801,77856.53,4880,2010-10-05 23:13:14,2010-10-26 23:13:14,3368136585,mastercard
802,1,802,802,802,802,19429.13,16457,2016-01-24 02:08:39,2016-02-20 02:08:39,6246079601,laser
803,1,803,803,803,803,97745.54,17386,2015-03-27 17:23:03,2015-04-04 17:23:03,4551302309,diners-club-enroute
804,1,804,804,804,804,74999.25,17304,2015-09-04 19:44:03,2015-09-29 19:44:03,9822744382,jcb
805,2,805,805,805,805,21822.54,13736,2014-03-19 00:44:36,2014-04-09 00:44:36,4794773498,solo
806,1,806,806,806,806,19655.95,7285,2005-12-27 19:10:43,2005-12-30 19:10:43,7111332482,switch
807,2,807,807,807,807,47357.2,2471,2008-02-02 07:47:30,2008-02-21 07:47:30,9214756252,jcb
808,1,808,808,808,808,54346.44,15324,2016-03-17 07:59:50,2016-04-11 07:59:50,4269756721,jcb
809,2,809,809,809,809,46538.24,8784,2012-11-12 07:13:30,2012-12-02 07:13:30,8182684951,americanexpress
810,2,810,810,810,810,79470.21,6805,2017-09-10 16:48:52,2017-09-19 16:48:52,6961287433,bankcard
811,1,811,811,811,811,33127.46,8221,2011-02-07 16:44:48,2011-02-08 16:44:48,9366957900,jcb
812,2,812,812,812,812,64348.39,15415,2010-12-09 10:44:27,2010-12-20 10:44:27,5883310605,bankcard
813,2,813,813,813,813,77342.69,14765,2014-12-07 22:00:50,2014-12-17 22:00:50,1072396920,mastercard
814,1,814,814,814,814,56383.61,11278,2007-12-04 05:36:30,2007-12-25 05:36:30,5009545675,china-unionpay
815,1,815,815,815,815,44048.0,9699,2019-11-10 12:42:37,2019-12-07 12:42:37,4105822497,americanexpress
816,1,816,816,816,816,30686.94,868,2009-10-30 22:58:17,2009-11-09 22:58:17,8572551158,jcb
817,2,817,817,817,817,74012.64,12428,2018-05-19 02:45:51,2018-06-09 02:45:51,7593699153,diners-club-carte-blanche
818,2,818,818,818,818,60563.38,546,2009-04-01 01:55:41,2009-04-26 01:55:41,3611881473,instapayment
819,2,819,819,819,819,74536.64,11518,2020-07-09 11:37:52,2020-07-23 11:37:52,9559312502,switch
820,1,820,820,820,820,80933.22,2026,2016-01-22 05:05:06,2016-01-28 05:05:06,8988037480,diners-club-carte-blanche
821,1,821,821,821,821,89470.91,3058,2009-07-12 10:21:54,2009-08-03 10:21:54,2233313321,americanexpress
822,1,822,822,822,822,48573.58,6840,2017-11-15 13:41:47,2017-12-14 13:41:47,3824404214,visa-electron
823,1,823,823,823,823,33358.27,11786,2008-04-20 12:14:07,2008-04-21 12:14:07,9131680356,diners-club-us-ca
824,2,824,824,824,824,98604.92,9003,2005-05-30 20:57:32,2005-06-26 20:57:32,2990179704,jcb
825,1,825,825,825,825,39149.2,12515,2013-09-28 22:27:55,2013-10-15 22:27:55,1121917496,jcb
826,2,826,826,826,826,43700.47,10264,2007-06-17 05:11:57,2007-06-27 05:11:57,4289931227,jcb
827,1,827,827,827,827,46863.08,5031,2013-04-16 12:02:07,2013-05-16 12:02:07,0555547280,jcb
828,1,828,828,828,828,51474.8,14634,2019-04-15 17:46:45,2019-05-01 17:46:45,4576627678,jcb
829,2,829,829,829,829,71125.8,4108,2011-06-29 12:39:38,2011-07-17 12:39:38,0988915006,jcb
830,2,830,830,830,830,40682.52,15658,2010-11-19 04:05:56,2010-11-28 04:05:56,1447463560,bankcard
831,2,831,831,831,831,55205.58,8527,2017-08-16 23:33:35,2017-08-21 23:33:35,9360972010,americanexpress
832,2,832,832,832,832,58405.68,17296,2007-06-10 07:52:12,2007-07-03 07:52:12,5510905298,jcb
833,2,833,833,833,833,42234.88,11490,2009-09-28 06:49:52,2009-10-01 06:49:52,1187081671,instapayment
834,1,834,834,834,834,39462.42,8176,2008-04-28 05:46:41,2008-05-04 05:46:41,9899447153,jcb
835,1,835,835,835,835,75983.56,12218,2014-08-02 17:33:49,2014-08-11 17:33:49,7250609238,jcb
836,2,836,836,836,836,51755.87,3375,2018-03-30 05:49:20,2018-04-05 05:49:20,2451494956,visa
837,2,837,837,837,837,52157.82,5201,2008-12-10 05:59:02,2009-01-08 05:59:02,5500192523,diners-club-carte-blanche
838,1,838,838,838,838,48768.4,14612,2014-07-07 11:26:27,2014-07-09 11:26:27,9821107052,jcb
839,1,839,839,839,839,90891.69,2336,2019-04-24 14:50:45,2019-05-11 14:50:45,6541540462,jcb
840,2,840,840,840,840,76520.15,17114,2019-06-04 08:10:20,2019-06-14 08:10:20,7236273171,jcb
841,2,841,841,841,841,53911.16,8163,2020-02-13 07:00:07,2020-03-14 07:00:07,3390388427,mastercard
842,2,842,842,842,842,48568.13,16935,2009-12-21 21:42:12,2009-12-25 21:42:12,9658840450,jcb
843,2,843,843,843,843,75211.79,8859,2008-10-19 21:42:59,2008-11-03 21:42:59,9763772923,jcb
844,2,844,844,844,844,60486.08,598,2007-09-28 13:05:03,2007-10-02 13:05:03,0845905066,diners-club-international
845,1,845,845,845,845,71110.22,13396,2019-02-23 03:06:20,2019-03-16 03:06:20,2602197505,mastercard
846,1,846,846,846,846,71758.65,2342,2005-09-22 14:27:06,2005-10-21 14:27:06,9771874055,jcb
847,1,847,847,847,847,87943.11,12217,2010-07-31 05:49:30,2010-08-22 05:49:30,1295647893,jcb
848,1,848,848,848,848,76906.48,3969,2019-07-30 10:05:06,2019-08-15 10:05:06,6046011442,jcb
849,2,849,849,849,849,18255.57,4855,2018-12-30 10:05:42,2019-01-15 10:05:42,9657350573,mastercard
850,1,850,850,850,850,74669.77,5049,2008-09-01 02:21:07,2008-09-22 02:21:07,1972349899,diners-club-carte-blanche
851,2,851,851,851,851,56298.5,10728,2018-01-29 02:01:00,2018-02-22 02:01:00,5253615199,switch
852,2,852,852,852,852,25927.53,13030,2008-02-13 22:12:24,2008-03-06 22:12:24,3382278863,jcb
853,1,853,853,853,853,38010.77,7389,2007-05-07 05:39:30,2007-05-23 05:39:30,4761330554,laser
854,2,854,854,854,854,81829.63,2201,2018-05-28 22:56:21,2018-06-15 22:56:21,3907786548,jcb
855,2,855,855,855,855,98003.78,7190,2008-03-13 15:01:52,2008-03-19 15:01:52,4061894218,jcb
856,1,856,856,856,856,35269.37,14785,2009-07-31 12:26:43,2009-08-26 12:26:43,3071605153,diners-club-enroute
857,1,857,857,857,857,31325.79,16431,2009-03-07 03:01:41,2009-03-17 03:01:41,8298378334,china-unionpay
858,1,858,858,858,858,93542.65,3224,2017-11-14 16:42:51,2017-11-25 16:42:51,1078742936,diners-club-carte-blanche
859,1,859,859,859,859,70619.86,6032,2019-11-01 02:15:27,2019-11-17 02:15:27,8078080298,visa
860,1,860,860,860,860,20914.27,8065,2007-04-28 01:18:56,2007-04-30 01:18:56,7012971479,maestro
861,1,861,861,861,861,61351.26,10816,2018-12-11 01:04:35,2018-12-13 01:04:35,0990911012,visa
862,1,862,862,862,862,35934.99,10603,2007-07-06 08:48:31,2007-07-12 08:48:31,1210628600,jcb
863,2,863,863,863,863,98748.33,5382,2010-05-12 15:56:35,2010-05-22 15:56:35,7621433442,maestro
864,2,864,864,864,864,28113.13,13414,2007-11-21 07:39:05,2007-12-15 07:39:05,3226653644,jcb
865,1,865,865,865,865,85069.93,10843,2010-07-02 22:33:37,2010-07-10 22:33:37,4518445910,maestro
866,2,866,866,866,866,97788.84,9515,2020-03-30 18:44:03,2020-04-02 18:44:03,9557203196,jcb
867,2,867,867,867,867,88508.06,8625,2018-12-28 19:47:07,2019-01-08 19:47:07,6348931765,diners-club-enroute
868,2,868,868,868,868,86294.77,6489,2018-07-10 05:01:56,2018-07-28 05:01:56,1161733310,visa-electron
869,1,869,869,869,869,95401.77,567,2006-01-06 13:09:39,2006-01-16 13:09:39,8083267589,bankcard
870,2,870,870,870,870,65974.75,7657,2020-06-11 18:04:34,2020-07-10 18:04:34,0964157543,mastercard
871,1,871,871,871,871,24269.64,12868,2016-05-28 15:06:37,2016-06-27 15:06:37,9953656355,diners-club-enroute
872,2,872,872,872,872,24425.06,3519,2006-10-28 00:41:13,2006-11-17 00:41:13,8044731997,jcb
873,2,873,873,873,873,21687.89,3241,2010-09-17 00:23:49,2010-10-16 00:23:49,5316374622,jcb
874,2,874,874,874,874,60773.27,1406,2019-07-25 16:54:48,2019-08-24 16:54:48,2261697112,diners-club-carte-blanche
875,1,875,875,875,875,75963.16,16740,2018-05-08 19:27:49,2018-05-19 19:27:49,4640960786,solo
876,2,876,876,876,876,95869.17,9541,2009-07-30 05:52:20,2009-08-28 05:52:20,8186828311,maestro
877,1,877,877,877,877,75002.29,14006,2007-04-08 08:43:02,2007-04-30 08:43:02,6074658854,jcb
878,1,878,878,878,878,32519.35,16617,2014-09-15 03:31:58,2014-09-20 03:31:58,8482730460,americanexpress
879,1,879,879,879,879,18786.34,2476,2009-06-10 21:50:44,2009-07-03 21:50:44,7332086026,bankcard
880,2,880,880,880,880,98124.83,6245,2006-07-05 16:14:26,2006-08-04 16:14:26,6018959321,mastercard
881,1,881,881,881,881,72644.34,8971,2011-10-10 07:08:50,2011-10-21 07:08:50,1673626939,jcb
882,2,882,882,882,882,74279.04,3053,2012-08-07 08:23:51,2012-08-09 08:23:51,8717685710,switch
883,1,883,883,883,883,29878.77,9562,2015-10-21 07:58:10,2015-10-23 07:58:10,5200179602,mastercard
884,2,884,884,884,884,70138.51,1928,2010-03-27 16:30:11,2010-04-15 16:30:11,6058836549,jcb
885,2,885,885,885,885,59401.12,13355,2008-11-08 17:26:14,2008-11-14 17:26:14,7511808425,mastercard
886,2,886,886,886,886,89842.58,10073,2013-05-16 06:16:59,2013-06-15 06:16:59,3345797062,jcb
887,1,887,887,887,887,74325.52,9288,2007-02-09 15:08:04,2007-03-01 15:08:04,1959050494,diners-club-enroute
888,2,888,888,888,888,95310.05,17603,2019-04-05 15:33:44,2019-04-13 15:33:44,5369693900,diners-club-us-ca
889,2,889,889,889,889,99129.04,4098,2016-03-23 07:46:30,2016-04-20 07:46:30,3517298166,mastercard
890,2,890,890,890,890,79015.9,15736,2007-06-21 01:31:14,2007-07-14 01:31:14,7162502911,jcb
891,1,891,891,891,891,92663.81,7763,2015-12-18 23:15:46,2016-01-04 23:15:46,4870009110,diners-club-us-ca
892,1,892,892,892,892,49715.28,7278,2017-07-07 11:59:25,2017-07-17 11:59:25,7804926367,mastercard
893,1,893,893,893,893,58154.29,11561,2010-06-10 15:25:04,2010-06-30 15:25:04,2041019298,mastercard
894,2,894,894,894,894,52424.19,14334,2015-04-29 18:40:24,2015-04-30 18:40:24,3813345874,solo
895,2,895,895,895,895,34482.08,1361,2016-01-27 22:56:41,2016-02-26 22:56:41,5971201263,visa-electron
896,2,896,896,896,896,87780.1,1243,2019-06-21 01:28:08,2019-07-07 01:28:08,5718356661,jcb
897,1,897,897,897,897,71892.42,6828,2016-06-26 00:40:12,2016-07-24 00:40:12,9411831338,diners-club-enroute
898,1,898,898,898,898,48118.07,1964,2019-05-15 08:13:31,2019-06-11 08:13:31,7504838195,visa-electron
899,1,899,899,899,899,78874.52,16064,2016-09-04 02:17:48,2016-09-29 02:17:48,2028367024,mastercard
900,2,900,900,900,900,18047.32,907,2012-08-30 18:41:14,2012-09-16 18:41:14,2138805956,bankcard
901,1,901,901,901,901,88236.47,4494,2015-05-25 18:02:43,2015-06-02 18:02:43,8823596726,mastercard
902,2,902,902,902,902,98010.55,14676,2008-02-26 08:57:33,2008-03-18 08:57:33,8501077089,jcb
903,2,903,903,903,903,59862.49,13463,2019-01-12 00:56:02,2019-02-06 00:56:02,5912091392,jcb
904,1,904,904,904,904,86965.02,8509,2012-05-28 04:56:09,2012-06-08 04:56:09,1363607782,diners-club-enroute
905,1,905,905,905,905,41480.91,11505,2008-07-22 16:28:26,2008-07-31 16:28:26,5912503720,jcb
906,2,906,906,906,906,65307.69,8438,2016-03-07 00:47:37,2016-03-14 00:47:37,7712403384,china-unionpay
907,2,907,907,907,907,92445.46,2310,2007-05-15 18:12:40,2007-05-30 18:12:40,9592702462,maestro
908,2,908,908,908,908,89457.0,9794,2008-08-14 19:21:46,2008-08-23 19:21:46,1145717764,jcb
909,1,909,909,909,909,58781.57,5934,2008-03-07 02:16:47,2008-03-23 02:16:47,6442659135,jcb
910,1,910,910,910,910,34291.35,10799,2010-01-11 16:30:33,2010-01-14 16:30:33,8943598491,mastercard
911,2,911,911,911,911,56412.28,15323,2015-02-28 15:41:32,2015-03-29 15:41:32,4824649307,diners-club-us-ca
912,2,912,912,912,912,39276.93,1780,2020-02-23 09:44:15,2020-02-27 09:44:15,3798931135,jcb
913,2,913,913,913,913,55889.81,17461,2009-09-20 18:38:34,2009-09-29 18:38:34,6183523208,jcb
914,2,914,914,914,914,22634.96,1430,2009-09-19 10:00:54,2009-10-13 10:00:54,5460880378,jcb
915,2,915,915,915,915,45051.73,1314,2006-03-30 19:44:20,2006-04-18 19:44:20,1186926740,visa-electron
916,1,916,916,916,916,77756.66,5471,2008-06-14 08:45:05,2008-07-05 08:45:05,2329193513,solo
917,2,917,917,917,917,50509.95,16737,2016-07-03 21:07:11,2016-07-04 21:07:11,7109498794,jcb
918,2,918,918,918,918,45710.28,16482,2007-06-30 16:13:54,2007-07-17 16:13:54,0446849731,jcb
919,1,919,919,919,919,43473.71,5848,2010-02-03 17:53:28,2010-02-22 17:53:28,0061507997,maestro
920,1,920,920,920,920,24766.68,2251,2019-11-26 17:07:46,2019-11-29 17:07:46,6456135532,jcb
921,2,921,921,921,921,81283.59,15483,2018-08-19 19:26:47,2018-08-22 19:26:47,9530075774,visa-electron
922,1,922,922,922,922,39828.13,983,2006-06-05 14:43:06,2006-06-14 14:43:06,9567151296,jcb
923,1,923,923,923,923,81710.39,12728,2007-02-05 04:17:47,2007-02-13 04:17:47,5053460299,maestro
924,2,924,924,924,924,73724.4,6642,2016-04-06 15:21:09,2016-04-21 15:21:09,4431921591,jcb
925,1,925,925,925,925,19733.3,12759,2005-08-10 20:45:51,2005-08-11 20:45:51,1549515632,jcb
926,1,926,926,926,926,55026.99,688,2014-01-16 02:30:02,2014-02-10 02:30:02,1507079338,jcb
927,1,927,927,927,927,65187.3,5197,2006-04-09 19:13:39,2006-04-17 19:13:39,7541867586,laser
928,1,928,928,928,928,89149.33,17239,2006-11-01 13:41:56,2006-11-05 13:41:56,1436867835,mastercard
929,2,929,929,929,929,35990.93,4099,2013-02-17 00:37:53,2013-03-11 00:37:53,8194610575,switch
930,1,930,930,930,930,25625.99,16304,2011-04-14 22:07:49,2011-04-24 22:07:49,9325922746,jcb
931,1,931,931,931,931,85925.34,12048,2015-09-02 09:37:03,2015-09-10 09:37:03,6555119845,jcb
932,2,932,932,932,932,46300.49,5112,2005-12-05 00:12:12,2006-01-04 00:12:12,5972406101,china-unionpay
933,2,933,933,933,933,81242.98,6370,2017-04-21 05:41:35,2017-05-15 05:41:35,8963337340,laser
934,2,934,934,934,934,82456.56,16627,2006-10-05 10:30:58,2006-10-14 10:30:58,9044686682,jcb
935,1,935,935,935,935,24463.33,8459,2011-03-30 09:03:04,2011-04-19 09:03:04,2648027785,diners-club-enroute
936,1,936,936,936,936,64443.16,1534,2008-07-10 18:33:53,2008-08-05 18:33:53,6749400167,diners-club-enroute
937,2,937,937,937,937,56313.7,14311,2008-07-27 16:08:49,2008-08-24 16:08:49,3103433131,solo
938,1,938,938,938,938,78241.44,5673,2015-11-06 14:16:14,2015-11-19 14:16:14,5988446078,jcb
939,2,939,939,939,939,89733.06,9894,2019-11-23 23:01:44,2019-12-02 23:01:44,9667818527,diners-club-carte-blanche
940,1,940,940,940,940,98446.27,3180,2008-11-21 16:17:17,2008-11-26 16:17:17,7509363721,mastercard
941,1,941,941,941,941,30557.61,7498,2014-05-29 18:46:16,2014-06-05 18:46:16,9000509149,visa-electron
942,2,942,942,942,942,20976.23,6497,2019-08-07 13:18:24,2019-09-04 13:18:24,4741273350,jcb
943,1,943,943,943,943,50525.22,16422,2008-05-21 06:04:36,2008-05-28 06:04:36,1057705616,jcb
944,1,944,944,944,944,80735.4,4247,2011-03-08 11:59:44,2011-03-30 11:59:44,6995682041,jcb
945,1,945,945,945,945,49694.6,17854,2015-06-03 01:15:52,2015-06-28 01:15:52,5489293136,americanexpress
946,2,946,946,946,946,27153.11,2774,2010-12-28 03:13:54,2011-01-08 03:13:54,5317945593,jcb
947,1,947,947,947,947,94140.56,6703,2015-11-05 03:55:59,2015-11-29 03:55:59,3506305859,mastercard
948,2,948,948,948,948,44296.19,9089,2011-07-08 17:33:40,2011-08-07 17:33:40,4113781060,laser
949,2,949,949,949,949,39362.9,8010,2005-11-27 09:55:45,2005-12-09 09:55:45,8380343433,jcb
950,1,950,950,950,950,77522.34,8041,2011-05-24 09:19:58,2011-05-29 09:19:58,9071810070,jcb
951,1,951,951,951,951,81720.25,10699,2017-08-26 21:21:16,2017-09-03 21:21:16,9164770788,switch
952,1,952,952,952,952,35589.21,6657,2015-07-29 05:16:57,2015-08-16 05:16:57,9292768018,bankcard
953,2,953,953,953,953,32518.25,14290,2009-11-19 19:43:23,2009-11-25 19:43:23,4008426973,americanexpress
954,2,954,954,954,954,86722.39,9445,2018-04-21 09:46:34,2018-05-15 09:46:34,0294531734,jcb
955,2,955,955,955,955,55463.93,17023,2007-05-12 17:49:42,2007-06-04 17:49:42,0312386052,jcb
956,1,956,956,956,956,55262.88,2330,2007-12-09 02:59:35,2007-12-25 02:59:35,4524237224,maestro
957,2,957,957,957,957,37184.38,4549,2019-08-28 13:50:40,2019-09-09 13:50:40,1010790757,visa
958,1,958,958,958,958,48751.86,6274,2015-11-15 18:32:58,2015-12-11 18:32:58,0828799865,bankcard
959,2,959,959,959,959,63606.21,3906,2009-08-18 09:40:02,2009-08-24 09:40:02,2061724493,switch
960,1,960,960,960,960,81635.9,16450,2005-12-16 07:59:17,2005-12-28 07:59:17,4928983092,laser
961,1,961,961,961,961,40302.56,9069,2010-10-22 17:47:57,2010-11-09 17:47:57,2798125324,switch
962,1,962,962,962,962,36920.8,1568,2018-10-13 22:26:39,2018-10-31 22:26:39,0740203142,jcb
963,2,963,963,963,963,97080.68,1434,2018-12-22 00:06:06,2019-01-18 00:06:06,6639223872,bankcard
964,2,964,964,964,964,64641.09,10646,2013-05-10 16:35:20,2013-05-16 16:35:20,5335839074,jcb
965,2,965,965,965,965,47960.18,10309,2012-08-22 02:48:24,2012-09-15 02:48:24,4318396495,laser
966,1,966,966,966,966,49929.1,9826,2013-03-08 10:36:30,2013-03-19 10:36:30,3412791083,diners-club-enroute
967,2,967,967,967,967,45353.49,10281,2007-05-06 11:07:09,2007-05-12 11:07:09,2662490497,jcb
968,2,968,968,968,968,60816.44,2882,2013-10-04 13:22:40,2013-10-21 13:22:40,5150368482,jcb
969,1,969,969,969,969,90177.66,16803,2009-09-01 22:49:24,2009-09-10 22:49:24,2486624422,maestro
970,2,970,970,970,970,58037.12,11700,2010-01-22 19:28:48,2010-02-20 19:28:48,0944682812,visa
971,2,971,971,971,971,68444.97,17153,2006-11-10 15:15:16,2006-11-11 15:15:16,1158433808,jcb
972,1,972,972,972,972,31923.77,14657,2016-11-17 00:31:52,2016-12-12 00:31:52,5044302805,instapayment
973,2,973,973,973,973,66877.18,7020,2012-05-07 11:52:38,2012-05-31 11:52:38,8484567206,maestro
974,2,974,974,974,974,98166.63,12781,2011-06-01 21:56:37,2011-06-09 21:56:37,1902612477,jcb
975,1,975,975,975,975,94073.12,2520,2009-04-03 14:54:47,2009-04-08 14:54:47,4661121953,maestro
976,2,976,976,976,976,61891.99,4144,2006-03-14 07:19:05,2006-03-15 07:19:05,9821560652,solo
977,2,977,977,977,977,67969.25,6589,2019-05-18 13:05:14,2019-06-11 13:05:14,0863709427,bankcard
978,2,978,978,978,978,87745.13,12292,2008-05-31 09:22:17,2008-06-20 09:22:17,9646438881,jcb
979,2,979,979,979,979,84628.65,14984,2019-01-22 05:00:12,2019-02-04 05:00:12,2637230606,jcb
980,1,980,980,980,980,91703.9,9579,2017-05-04 15:30:48,2017-05-07 15:30:48,0346823420,diners-club-carte-blanche
981,2,981,981,981,981,50454.27,1192,2013-04-07 22:44:23,2013-04-13 22:44:23,4465013094,visa-electron
982,1,982,982,982,982,55627.23,17332,2015-02-11 11:30:52,2015-02-16 11:30:52,1002434858,diners-club-international
983,2,983,983,983,983,18212.68,4738,2014-11-11 23:41:03,2014-11-27 23:41:03,6691061187,diners-club-enroute
984,2,984,984,984,984,63636.54,17180,2014-05-05 16:15:30,2014-05-25 16:15:30,7254930693,jcb
985,2,985,985,985,985,79123.05,6402,2011-10-03 11:31:21,2011-10-14 11:31:21,4935588209,switch
986,1,986,986,986,986,28803.33,11540,2013-02-07 00:40:55,2013-02-15 00:40:55,5362806319,jcb
987,2,987,987,987,987,56851.53,4790,2016-06-16 12:08:01,2016-07-06 12:08:01,8274432819,diners-club-enroute
988,2,988,988,988,988,95251.35,3742,2015-06-20 17:31:02,2015-06-23 17:31:02,2803198045,americanexpress
989,1,989,989,989,989,30550.62,13031,2012-02-28 12:38:26,2012-03-06 12:38:26,4109275024,instapayment
990,1,990,990,990,990,66777.0,1791,2019-12-09 21:26:54,2019-12-12 21:26:54,2424691878,china-unionpay
991,1,991,991,991,991,53731.24,8641,2008-06-14 20:07:39,2008-06-23 20:07:39,8639809194,jcb
992,2,992,992,992,992,18572.56,14168,2017-01-08 13:11:57,2017-01-27 13:11:57,0368730026,maestro
993,2,993,993,993,993,20822.52,13235,2017-12-07 16:33:12,2017-12-20 16:33:12,6652545462,china-unionpay
994,2,994,994,994,994,44749.96,5026,2020-07-24 08:55:30,2020-08-03 08:55:30,2173355619,jcb
995,2,995,995,995,995,75110.64,3858,2012-11-04 17:35:04,2012-11-22 17:35:04,0603579213,jcb
996,1,996,996,996,996,68351.45,8428,2015-12-22 02:58:49,2015-12-27 02:58:49,6162758583,jcb
997,1,997,997,997,997,84613.99,9836,2018-11-12 12:29:57,2018-11-17 12:29:57,9857627552,jcb
998,1,998,998,998,998,63870.82,10616,2006-07-14 07:32:30,2006-07-20 07:32:30,2061032990,jcb
999,2,999,999,999,999,36479.97,12727,2012-12-03 09:46:24,2013-01-02 09:46:24,8009484512,visa-electron
1000,2,1000,1000,1000,1000,91032.57,17535,2008-07-19 20:34:51,2008-07-24 20:34:51,4825047289,mastercard
