vehicle_id,vin,engine_type,vehicle_type_id,exterior_color,interior_color,floor_price,msr_price,miles_count,year_of_car
1,WVGEF9BP3FD485590,V4,22,Aquamarine,Khaki,28588,15320,152,2019
2,WBAUC9C51DV812918,V8,14,Yellow,Orange,30553,18442,383,2018
3,1G6KF54953U872977,V8,16,Goldenrod,Indigo,26490,15608,47,2018
4,KM8NU4CC2AU332213,V4,1,Mauv,Red,27082,17713,298,2018
5,1C4SDHCTXEC564813,V6,16,Yellow,Teal,32826,15858,305,2019
6,2T1BU4EE5DC414024,V6,14,Teal,Khaki,26445,19043,351,2017
7,1N6AA0EC2EN765903,V6,6,Puce,Purple,27036,15554,294,2020
8,WAUVT68E15A480418,V6,6,Mauv,Green,32446,16088,282,2019
9,1G6DN57S350331477,V8,21,Indigo,Teal,32831,18498,240,2017
10,3FA6P0D97DR314528,V4,19,Khaki,Aquamarine,29290,17473,193,2018
11,1G4GA5GC1BF741214,V6,12,Mauv,Yellow,25955,19092,388,2018
12,2HNYD18601H483504,V8,12,Indigo,Green,25931,15986,40,2018
13,1N4AL2AP1BC360565,V6,3,Indigo,Teal,34003,15907,106,2017
14,KNAFT4A20C5678776,V4,16,Teal,Crimson,26126,18990,266,2017
15,1G4HP54KX1U035822,V4,2,Aquamarine,Red,29304,18939,181,2018
16,KMHGH4JF8BU545369,V8,10,Puce,Goldenrod,27907,17487,141,2018
17,2B3CK2CV8AH464713,V6,24,Green,Pink,34178,18548,15,2018
18,WP0AA2A90FS954464,V6,11,Maroon,Red,29350,15170,215,2018
19,3C3CFFCR8DT262855,V6,18,Maroon,Purple,30676,15776,363,2019
20,1G4PR5SK5C4742029,V8,9,Orange,Goldenrod,26711,15084,118,2017
21,19UUA8F39EA706238,V8,25,Crimson,Orange,27190,16268,57,2018
22,WVWAN7AN0DE475312,V8,16,Fuscia,Pink,28650,16249,92,2018
23,2HNYD28817H331375,V8,14,Violet,Pink,34921,17356,342,2020
24,1G6DV57V690523203,V6,23,Maroon,Violet,30061,15989,163,2020
25,WBALX3C59CC090606,V6,4,Maroon,Khaki,26076,18370,398,2019
26,JA4AS2AW6BU864750,V4,23,Fuscia,Teal,34394,17234,72,2017
27,SCBET9ZA9FC888691,V4,3,Red,Mauv,30806,18095,235,2017
28,WVWAB7AJXDW510454,V8,21,Red,Goldenrod,25631,19498,384,2019
29,WAUKF78E28A058260,V8,11,Maroon,Blue,27684,18579,302,2020
30,3GYFK66N93G636968,V8,5,Aquamarine,Puce,28860,19608,197,2020
31,KNAFT4A24B5814079,V6,4,Mauv,Mauv,29550,18284,336,2018
32,JH4CL96936C787658,V4,5,Maroon,Goldenrod,34528,15285,14,2017
33,5J6TF3H57FL680834,V6,2,Goldenrod,Aquamarine,30704,17878,276,2019
34,JN1AZ4FH9FM266250,V8,3,Pink,Mauv,32375,17252,72,2018
35,WBAEW53495P838488,V4,1,Turquoise,Violet,32023,18871,102,2017
36,5UXFG8C53DL255241,V6,8,Fuscia,Fuscia,29523,19989,331,2018
37,3C3CFFARXDT548077,V6,16,Khaki,Teal,26178,17918,344,2019
38,1FTWX3A51AE099155,V8,15,Aquamarine,Turquoise,29777,18757,58,2017
39,1G6AR5S38F0017901,V4,5,Mauv,Puce,31460,19798,266,2019
40,SALVN2BG5FH314615,V8,6,Turquoise,Puce,26354,18749,353,2018
41,JTHBW1GG2D2828687,V4,16,Orange,Khaki,34168,15639,264,2018
42,JN8AE2KP7C9758899,V8,20,Teal,Puce,25913,18337,298,2020
43,3N1CN7AP8EK191057,V8,3,Violet,Indigo,29417,19239,232,2019
44,1D7RB1CP2BS795789,V6,24,Crimson,Crimson,31979,18314,280,2020
45,4F2CY0C78BK794848,V8,1,Fuscia,Purple,26385,15232,328,2019
46,WA1CMAFE5AD479143,V6,20,Mauv,Fuscia,33194,19309,332,2018
47,SALFR2BGXFH533191,V4,21,Green,Crimson,30960,16337,93,2019
48,WVWED7AJ5DW485099,V8,24,Khaki,Indigo,27426,15176,185,2018
49,5N1AA0ND5FN307426,V6,15,Orange,Orange,34946,18527,119,2019
50,WAUVFAFR9BA674691,V6,17,Yellow,Puce,26717,19401,336,2018
51,WAULT68E13A920562,V6,18,Teal,Aquamarine,25229,16949,55,2019
52,1C3CCBAG5EN322269,V4,18,Yellow,Orange,33455,18211,45,2020
53,1N6AA0CC3CN162457,V6,17,Pink,Pink,29091,16104,118,2018
54,WVGAV7AX8BW467981,V6,18,Khaki,Puce,33623,17060,332,2017
55,1G6DL5ED1B0616264,V8,23,Turquoise,Crimson,31991,19353,366,2018
56,WAUDGAFL9EA253918,V6,8,Khaki,Puce,30980,17467,355,2020
57,3VW4S7AT9EM663386,V4,11,Turquoise,Purple,25745,18532,297,2018
58,1FTEX1E81AF923802,V8,9,Violet,Mauv,28051,15783,43,2017
59,1G6AS5S30F0749315,V4,10,Blue,Pink,28365,19991,212,2020
60,4T1BD1EB6FU993417,V8,16,Khaki,Indigo,25282,16868,274,2017
61,1FMJK1H56CE101144,V4,22,Pink,Aquamarine,32978,16242,135,2020
62,JTJBC1BA6E2000735,V6,11,Orange,Yellow,32564,17902,251,2018
63,SCFAD02A85G049574,V8,18,Crimson,Pink,33903,16107,396,2017
64,3VW467AT3DM092755,V8,3,Violet,Fuscia,29325,19512,321,2019
65,WA1VMBFE3DD195321,V6,10,Khaki,Red,30040,15737,294,2020
66,3GYFNGE32FS698548,V6,2,Violet,Maroon,26417,19980,14,2020
67,1N4AL3AP3DC297929,V8,6,Maroon,Crimson,27651,18504,193,2020
68,WAUFEAFM3DA859382,V4,23,Red,Violet,34492,19442,268,2019
69,2T1BU4EE7BC207924,V6,12,Puce,Puce,27169,15852,312,2017
70,SCBFT7ZA7DC007847,V8,12,Goldenrod,Teal,28612,19488,367,2018
71,3D7LP2ET2BG161378,V8,7,Green,Orange,25492,16915,297,2017
72,3N1BC1AP4BL844259,V6,25,Green,Fuscia,34789,16527,314,2017
73,1G6AB5SA1F0168713,V8,6,Khaki,Pink,28299,18725,212,2017
74,1GYFK43519R292893,V8,18,Aquamarine,Blue,27782,15869,22,2018
75,2G4WB55K821696539,V4,12,Turquoise,Orange,33900,16777,302,2017
76,ZHWGU6AU9CL439036,V8,14,Teal,Green,28813,15226,114,2018
77,WAUGGBFC8DN117404,V8,20,Turquoise,Blue,25111,19673,240,2018
78,2G61V5S85F9964939,V4,20,Indigo,Aquamarine,25528,16632,326,2017
79,1G6DU57V190374573,V8,24,Green,Fuscia,28983,17014,395,2020
80,WAUKFBFLXEN337075,V8,19,Violet,Indigo,33016,16624,245,2018
81,1FTSW2B59AE071761,V6,4,Teal,Teal,26472,15950,51,2018
82,4T1BF3EK5BU932706,V6,10,Crimson,Teal,27545,19392,230,2019
83,5N1AZ2MG8FN617683,V8,11,Yellow,Aquamarine,28034,18926,281,2020
84,1D7RW2BK7AS203284,V4,14,Puce,Fuscia,29577,18903,67,2018
85,WAU4FAFL8BA086773,V4,10,Turquoise,Blue,30153,17505,352,2020
86,WBANA735X4B747695,V4,14,Indigo,Yellow,27207,16061,115,2019
87,1GKS1AKC3FR264079,V4,4,Green,Blue,33702,18777,169,2019
88,2C3CCADG9EH669179,V8,15,Blue,Pink,32498,19726,293,2018
89,ZFBCFABH3FZ724115,V4,10,Maroon,Indigo,33120,18000,373,2017
90,WAUDFAFL5CA127653,V8,2,Blue,Green,34429,18481,223,2020
91,5J8TB4H3XEL567286,V8,9,Violet,Purple,29371,16121,227,2018
92,WA1CGBFE0BD764640,V4,7,Yellow,Red,27398,16365,355,2018
93,WAUKH78E46A084463,V6,9,Puce,Yellow,25956,16736,54,2019
94,WVWED7AJ9DW917757,V6,6,Pink,Turquoise,31885,16652,183,2017
95,1GYS3EEJ1DR259395,V8,6,Crimson,Crimson,31045,15036,231,2017
96,WBADW7C59BE638380,V8,6,Indigo,Violet,25501,16491,325,2018
97,JTJBM7FX8B5961409,V8,23,Orange,Violet,28950,18070,332,2017
98,WAUED64B71N174951,V4,14,Orange,Crimson,29919,17992,75,2020
99,3D7TT2CT7BG758315,V6,1,Fuscia,Goldenrod,32558,15974,195,2020
100,WAUKG78E06A115369,V6,6,Orange,Fuscia,33224,17710,83,2019
101,5FPYK1F23DB858735,V8,25,Puce,Pink,32118,18464,377,2018
102,1G6DF8EG4A0756116,V8,18,Orange,Fuscia,29794,17509,209,2019
103,1G6YX36D895895881,V6,16,Puce,Orange,26206,18554,310,2017
104,WAUYGBFC8CN186659,V6,5,Puce,Maroon,25769,18961,338,2019
105,WUAUUAFG6CN966024,V6,19,Indigo,Orange,27467,15982,45,2018
106,WBA3B5C55DJ253601,V6,2,Green,Blue,31679,19040,148,2018
107,JN8AE2KP0B9197007,V8,3,Indigo,Khaki,27312,17585,33,2020
108,WDCGG5GB1CF714696,V4,21,Turquoise,Green,30796,15012,87,2017
109,1G6AZ5S3XE0082053,V8,7,Yellow,Violet,26682,19435,182,2020
110,3D73M4HL1BG068108,V6,25,Red,Khaki,25615,18358,36,2019
111,2T1BU4EE8DC417502,V8,6,Teal,Mauv,26328,17732,76,2017
112,5UXZV8C59DL638040,V4,16,Maroon,Khaki,29638,17161,192,2018
113,ZFBCFACH4FZ388862,V6,7,Maroon,Indigo,30947,19482,303,2018
114,19UUB3F59FA989226,V8,11,Pink,Pink,32741,19494,213,2020
115,2G4GU5GV1D9893028,V6,14,Fuscia,Purple,26225,15820,288,2018
116,1C3BCBEB4EN112918,V4,11,Violet,Pink,34049,15679,70,2018
117,1FMJK1H5XEE884696,V6,8,Aquamarine,Maroon,28495,17071,10,2019
118,1N6AF0LX3EN213950,V8,14,Orange,Indigo,31183,17490,290,2019
119,1FMJK1JT1FE323166,V6,9,Maroon,Purple,27444,19293,61,2019
120,1FBNE3BL7BD918969,V6,7,Red,Puce,34516,17490,103,2019
121,WDCYC3HF2AX397881,V4,8,Fuscia,Mauv,33565,15649,254,2018
122,JTHBB1BA2A2306930,V4,15,Goldenrod,Red,32375,17225,165,2017
123,2V4RW3DG8BR178252,V6,1,Green,Pink,34183,19556,395,2017
124,1D7RB1CP5AS923196,V4,2,Orange,Purple,29365,15918,333,2017
125,1G6KD57919U080643,V4,5,Aquamarine,Orange,31595,15398,199,2019
126,WBALL5C54CJ062702,V6,15,Mauv,Indigo,26213,15995,397,2019
127,JN8AE2KP8B9260080,V4,10,Orange,Orange,32065,15229,334,2020
128,WAUKH98EX6A321565,V8,22,Green,Violet,30024,16381,21,2017
129,5TFBW5F13CX625721,V4,22,Green,Green,25370,17991,321,2019
130,1G4HJ5EM9AU094894,V6,19,Pink,Purple,33912,18923,363,2020
131,1C3CDZCB8CN395379,V4,15,Violet,Purple,27505,16973,212,2020
132,1G4GE5EV1AF771160,V8,15,Khaki,Red,27387,17330,294,2019
133,WAUGL98E48A341642,V8,4,Violet,Indigo,29931,17024,278,2019
134,WAUAF78E36A060706,V4,24,Aquamarine,Blue,28972,18886,295,2018
135,WBALM7C50DE459052,V8,23,Teal,Fuscia,33787,17652,244,2019
136,JH4CW2H68EC591229,V4,21,Orange,Purple,30737,18753,380,2017
137,JN1CV6FE9FM726190,V6,5,Maroon,Red,27938,19187,102,2018
138,19UUA765X8A680085,V4,16,Purple,Goldenrod,28356,15381,278,2020
139,5FRYD3H6XGB218572,V8,12,Mauv,Goldenrod,33422,17391,52,2019
140,3GYFK66N36G101820,V8,21,Indigo,Crimson,29109,18639,218,2019
141,SCFEBBCF0CG949167,V6,2,Blue,Turquoise,33484,17653,313,2020
142,SCFEDCAD6CG096372,V6,20,Blue,Aquamarine,26541,16349,382,2018
143,1G6DV5EP2B0171344,V8,24,Khaki,Green,26603,17873,151,2018
144,WP0AA2A80BU357059,V4,17,Violet,Blue,34248,15082,227,2018
145,1D7RW2BK4AS993028,V6,19,Orange,Puce,33148,19914,98,2020
146,19UUB2F38FA493407,V4,3,Fuscia,Teal,32438,18945,101,2018
147,1FTWF3A51AE139916,V8,21,Pink,Fuscia,32831,17063,105,2017
148,YV140MAK0F1681167,V6,19,Maroon,Puce,27834,17316,274,2018
149,1GKS1FFJ7BR161893,V4,14,Khaki,Green,30555,16984,295,2017
150,SAJWA1CB9CL561201,V6,19,Maroon,Mauv,30995,16699,249,2017
151,WBA3A9G54FN038226,V4,15,Goldenrod,Pink,33516,16665,130,2017
152,KMHTC6AD9DU163992,V8,18,Pink,Aquamarine,32437,16156,370,2020
153,WBA3A9G57EN853776,V4,22,Aquamarine,Mauv,32162,18971,156,2020
154,WAUAF78E08A201024,V4,20,Orange,Fuscia,33954,15037,193,2019
155,WA1AV74L99D078229,V8,22,Blue,Red,30332,15396,249,2017
156,1GYFC23229R876372,V6,2,Mauv,Teal,30630,16277,126,2020
157,WP0AA2A91FS838075,V4,25,Aquamarine,Green,28686,18611,81,2018
158,1D7CE3GK9AS119412,V4,4,Purple,Blue,34614,19570,5,2017
159,WVWED7AJXBW270797,V4,7,Blue,Crimson,26381,15613,162,2018
160,1G4PR5SK9D4470344,V8,21,Green,Indigo,27411,15875,264,2020
161,WBA3C1C53DF307941,V6,18,Fuscia,Indigo,25397,17729,46,2020
162,2G61S5S3XE9387983,V6,16,Violet,Pink,30326,16756,213,2019
163,JHMZE2H58DS027248,V6,15,Blue,Red,28020,16310,344,2020
164,2T2BK1BA0FC602969,V8,2,Yellow,Purple,28638,15680,356,2020
165,2T1BU4EEXDC702931,V6,3,Violet,Indigo,27479,19287,80,2019
166,5FRYD3H43FB335763,V4,21,Mauv,Orange,29580,16249,362,2018
167,KMHGH4JH8CU392740,V6,14,Pink,Fuscia,30106,17047,22,2020
168,WVGAV7AX4BW020791,V4,24,Pink,Puce,34667,19311,82,2018
169,1N4AA5AP8DC715290,V4,22,Teal,Teal,26272,19900,228,2020
170,JTMHY7AJXE4623914,V6,9,Khaki,Turquoise,29620,19996,190,2017
171,NM0KS6BN7AT431334,V6,21,Red,Khaki,29010,16662,187,2018
172,JN8AS5MTXDW361467,V8,22,Indigo,Purple,29166,16420,319,2018
173,WDDEJ7GB6CA648854,V6,6,Purple,Yellow,27600,16134,36,2017
174,1N4AL2AP0AC094017,V8,12,Maroon,Goldenrod,25412,18250,288,2020
175,SCFAB01E39G439305,V6,8,Khaki,Goldenrod,30724,15259,231,2018
176,W04GS5EC4B1892155,V4,10,Violet,Turquoise,26736,15025,245,2019
177,1C4RDHAG9CC302122,V8,8,Goldenrod,Orange,29851,17367,194,2020
178,5GAKVCED4CJ271277,V6,22,Puce,Fuscia,29548,15429,36,2020
179,WP0CB2A87CS915721,V4,21,Purple,Violet,31809,16473,239,2020
180,4USFE83597L411756,V4,7,Turquoise,Teal,25023,15894,327,2018
181,1N6AA0CC1CN126878,V4,18,Red,Puce,28154,16153,85,2019
182,5N1AR2MMXEC431241,V6,19,Aquamarine,Pink,30504,19924,250,2018
183,SCBCU7ZAXBC802162,V4,5,Khaki,Purple,25241,16244,63,2019
184,1GKS1GKC8FR136343,V8,22,Indigo,Purple,25302,15365,158,2017
185,WAUBFAFL8DA371869,V6,21,Orange,Red,28717,18886,345,2019
186,WAUFFAFM6CA493171,V6,3,Green,Crimson,34088,16908,137,2017
187,KMHHT6KD5AU052498,V4,21,Aquamarine,Fuscia,26529,15636,109,2019
188,WAUVT64B42N761094,V8,8,Red,Indigo,25999,18324,214,2018
189,5N1AR2MM5FC609090,V6,19,Green,Yellow,31202,16456,337,2017
190,YV140MAK8F1203014,V6,19,Teal,Crimson,26252,18610,34,2017
191,WAUAG78E86A482855,V8,7,Red,Aquamarine,27654,16420,354,2017
192,JA32X8HW4DU422541,V8,5,Teal,Aquamarine,27050,15278,226,2017
193,1FBAX2CM8FK707792,V6,3,Blue,Blue,25913,15096,176,2018
194,WA1AY74L98D004105,V4,4,Yellow,Red,31048,16307,190,2019
195,WAUKF98EX8A435249,V6,15,Fuscia,Maroon,30912,19241,228,2017
196,1GYS4PKJ7FR956490,V4,15,Crimson,Goldenrod,29044,19335,200,2018
197,1VWAH7A30EC678619,V6,13,Red,Mauv,27231,15742,248,2017
198,3N1CE2CP1EL114735,V4,15,Goldenrod,Mauv,29531,18631,223,2020
199,JH4CL95888C739438,V6,3,Purple,Red,28513,15254,278,2017
200,1FTEW1C83AK399517,V4,4,Green,Crimson,31171,16735,259,2017
201,JN8AF5MR9DT754824,V8,7,Mauv,Pink,34668,15429,309,2020
202,1N4AL2AP4BN427776,V6,7,Purple,Mauv,30463,18958,391,2019
203,5N1CL0MMXEC586807,V8,16,Purple,Turquoise,29408,19308,218,2020
204,WDBWK5EA0AF362846,V6,2,Red,Teal,27792,18985,297,2018
205,JN8AS1MUXBM008138,V6,21,Violet,Yellow,34600,17396,292,2018
206,YV4852CT5B1628541,V6,21,Orange,Indigo,25102,19522,188,2017
207,1G6DJ5EG1A0010400,V4,5,Pink,Red,34427,16877,166,2018
208,5UXFH0C52BL209265,V6,15,Puce,Blue,33192,16707,364,2018
209,WAUBH78E98A071002,V4,16,Aquamarine,Maroon,27995,16059,389,2020
210,WDDLJ7GB5FA382657,V8,7,Maroon,Pink,30360,19096,247,2018
211,SCFBF04BX8G147918,V4,13,Turquoise,Yellow,28084,15150,177,2018
212,JTHBK1EG4B2700317,V6,24,Aquamarine,Puce,25013,18712,176,2017
213,WBANA73535B439415,V8,1,Violet,Turquoise,28290,19006,241,2019
214,WBAUN7C58DV417178,V6,2,Violet,Khaki,25883,16902,358,2017
215,WP0CA2A82EK800661,V4,1,Violet,Puce,27703,19491,298,2018
216,1G6DP577860207874,V6,1,Crimson,Aquamarine,28291,17623,196,2020
217,W04G05GV2B1240896,V4,12,Purple,Puce,27581,15540,20,2019
218,WAUXG74F09N640112,V6,9,Mauv,Purple,30558,19603,242,2019
219,WAUDT48H65K241838,V8,24,Khaki,Mauv,31771,15097,36,2020
220,WAUDK78T88A276352,V4,11,Aquamarine,Blue,28173,15841,191,2017
221,1G6DP567350598660,V8,23,Green,Maroon,32787,15670,237,2020
222,WVGEF9BP7ED841036,V6,2,Indigo,Crimson,31457,15849,314,2019
223,5N1AR2MM1EC801556,V4,19,Orange,Pink,27954,15422,122,2020
224,3FA6P0LU5ER336017,V8,1,Teal,Goldenrod,34004,16131,397,2017
225,JH4CL95867C877977,V6,21,Violet,Mauv,31412,19862,142,2018
226,WUADU98E18N416215,V4,9,Mauv,Turquoise,31433,18624,355,2020
227,SCBBR93W378260524,V8,1,Teal,Red,31532,19788,322,2017
228,WAUKH94F67N995933,V4,3,Khaki,Crimson,31656,19461,240,2020
229,2C4RDGBG9DR630142,V6,25,Orange,Maroon,25319,17233,72,2020
230,WBAVC53558F347783,V6,20,Crimson,Turquoise,27848,16352,163,2018
231,WAUEF98E58A846765,V6,15,Pink,Fuscia,25060,15879,2,2017
232,1G4GE5ED5BF809188,V4,20,Fuscia,Crimson,32796,17305,166,2018
233,WAUDH74F47N810226,V4,1,Pink,Orange,31729,15477,83,2019
234,2C4RDGBG9FR435953,V6,23,Orange,Fuscia,32516,17259,234,2018
235,WAUNF78P56A767986,V6,14,Khaki,Pink,25992,16200,224,2018
236,WBASN4C58CC697135,V8,17,Aquamarine,Khaki,32717,17640,194,2020
237,4JGBF2FE6BA279792,V6,12,Violet,Indigo,32503,15960,155,2018
238,2T1BU4EE3DC145358,V8,24,Fuscia,Teal,25336,17021,31,2018
239,3D7TT2CT5AG486832,V6,16,Aquamarine,Turquoise,25183,17924,95,2018
240,KMHHT6KDXBU072490,V6,4,Pink,Maroon,25913,18050,319,2020
241,19UUA662X6A051603,V8,8,Yellow,Teal,34782,17634,241,2018
242,SCFFBCCD7BG437512,V8,17,Red,Violet,30453,17124,170,2018
243,YV1612FHXE2177239,V4,15,Maroon,Green,26988,19197,91,2017
244,WVWED7AJXAW243128,V8,15,Orange,Goldenrod,28981,18847,175,2020
245,1LNHL9DR0AG245294,V8,11,Yellow,Fuscia,26667,15306,242,2020
246,WAU3FAFR1DA757428,V4,25,Mauv,Crimson,31393,18915,179,2017
247,JM1NC2SF4F0806118,V8,12,Violet,Indigo,30896,16344,218,2020
248,1G6DP8ED6B0479439,V6,22,Violet,Teal,32169,17772,139,2019
249,JTHBE5C28B5658111,V8,22,Mauv,Green,25611,16739,301,2017
250,2C4RDGCGXER585633,V8,9,Puce,Orange,31808,18305,247,2020
251,WBXPA73484W883208,V6,9,Aquamarine,Green,26971,17549,43,2020
252,WAUEFAFL3BN150229,V4,19,Puce,Khaki,34669,16033,44,2017
253,1ZVBP8AM3D5425951,V6,18,Pink,Violet,34903,16804,7,2017
254,5FRYD4H25GB729867,V8,5,Yellow,Orange,26374,18708,210,2017
255,3VW467AT3DM183105,V4,20,Blue,Puce,32642,15778,77,2017
256,5FRYD3H6XEB576817,V8,9,Fuscia,Turquoise,28794,18941,107,2020
257,JM3ER2A59C0358808,V4,16,Yellow,Goldenrod,28325,18869,15,2018
258,JTDKDTB35D1875211,V6,21,Pink,Teal,32129,17489,219,2018
259,1G6AB5RA7F0805724,V8,1,Goldenrod,Turquoise,34191,15496,90,2017
260,3GYFK66N76G722462,V8,8,Crimson,Maroon,31000,18452,49,2019
261,WAUYGBFC0DN883227,V4,8,Maroon,Green,32865,16527,143,2020
262,3D73Y3CLXAG699413,V4,5,Aquamarine,Mauv,33301,19803,85,2017
263,WBAWB7C55AP621762,V6,7,Turquoise,Crimson,28376,17777,115,2019
264,WUARL48H07K635267,V4,15,Green,Orange,28708,19298,155,2020
265,WAUR4AFD8DN254895,V4,6,Puce,Purple,27047,16245,309,2018
266,1GD120EG5BF475921,V6,12,Pink,Turquoise,31384,17128,151,2019
267,JA32U1FU7CU659184,V4,14,Teal,Crimson,25183,18214,127,2019
268,5J8TB1H29CA988513,V6,20,Goldenrod,Orange,25655,17167,380,2020
269,WAUUL98E67A989145,V8,14,Purple,Turquoise,31610,16767,127,2020
270,19XFB4F38EE894695,V8,15,Violet,Purple,33585,16446,250,2017
271,1FAHP3HN6AW054343,V8,2,Purple,Maroon,28998,19790,287,2020
272,WAUCFAFR6BA134271,V8,24,Yellow,Maroon,26253,16573,219,2017
273,1GYFC26289R584009,V4,14,Violet,Purple,28424,17280,42,2018
274,YV1612FH1D1379584,V8,24,Turquoise,Purple,28911,19405,344,2017
275,1FTWX3A52AE560511,V8,13,Yellow,Fuscia,32018,17197,381,2020
276,1G6DL8ED1B0440852,V8,5,Yellow,Goldenrod,30725,18394,264,2020
277,WA1AGBFE6CD033512,V8,14,Maroon,Maroon,34557,16637,184,2019
278,3D7TT2CT2AG863519,V6,6,Aquamarine,Fuscia,25292,19482,222,2018
279,WVWED7AJ4BW748373,V6,19,Indigo,Goldenrod,26755,15393,316,2019
280,WAU4FBFL5CA033892,V6,17,Goldenrod,Aquamarine,26999,19893,236,2017
281,1FMEU5BE0AU227000,V8,13,Violet,Violet,29141,16865,179,2018
282,KM8JT3AC4AU362201,V8,11,Goldenrod,Violet,31186,19385,238,2020
283,1FADP3E24DL365168,V4,15,Purple,Puce,25962,17184,323,2018
284,WAUJGAFD0FN507215,V8,21,Yellow,Maroon,29298,18620,345,2019
285,WDCGG0EB8EG423664,V4,11,Orange,Fuscia,34739,19888,290,2019
286,WBAVT735X8F802798,V6,25,Teal,Green,30740,16699,153,2019
287,1D4RD3GG8BC979867,V6,22,Yellow,Maroon,25974,18948,222,2020
288,SAJWA4DB5DL741406,V4,21,Green,Teal,34757,17053,120,2018
289,WAUKH74F48N179177,V6,20,Pink,Puce,33119,16334,370,2018
290,WAUDH98EX6A710540,V8,17,Aquamarine,Violet,28966,19089,53,2018
291,1G4GA5GC5AF858793,V6,23,Puce,Goldenrod,28070,19934,343,2019
292,3GTU2YEJ3DG392128,V6,5,Blue,Mauv,30165,18341,353,2019
293,WVGFF9BP4BD404465,V6,24,Indigo,Mauv,34601,18248,141,2020
294,1G6KF57905U254481,V6,20,Puce,Puce,25915,17830,169,2018
295,WBAYM1C57FD139254,V6,19,Maroon,Red,34650,19135,242,2018
296,4JGBF2FE9BA644319,V6,22,Pink,Fuscia,26155,15213,112,2018
297,KMHHT6KD8DU767280,V6,5,Red,Violet,30042,19102,71,2017
298,5TFCY5F18DX847025,V6,22,Purple,Mauv,31565,16851,121,2020
299,JH4CL96936C520780,V4,13,Purple,Pink,32799,18245,120,2017
300,1D4RD3GG6BC790604,V4,13,Puce,Yellow,31645,16200,160,2020
301,1G4GG5E36CF773689,V4,6,Khaki,Green,25533,19557,374,2019
302,JTJBARBZ9F2555027,V4,5,Yellow,Aquamarine,32724,15843,85,2018
303,1G6DK5ED0B0951051,V6,20,Fuscia,Orange,27545,17815,106,2020
304,WDDHF0EB0EA647050,V8,7,Mauv,Indigo,32277,15743,28,2020
305,1G4HA5EM2BU747616,V6,2,Orange,Violet,32436,15703,246,2019
306,2T1BURHE3EC984324,V4,11,Blue,Maroon,25387,18432,93,2019
307,JH4CL95965C465614,V6,5,Mauv,Purple,34928,18910,208,2018
308,1LNHL9DK5DG673837,V4,13,Indigo,Aquamarine,30799,19725,149,2018
309,WAUCVAFR9AA800668,V6,7,Green,Teal,28204,17357,161,2020
310,JN8AZ1MU3DW820514,V8,4,Pink,Blue,30569,18600,36,2019
311,WBAEN33432P904682,V6,23,Violet,Purple,32163,18049,304,2019
312,JM1NC2LFXE0456958,V4,17,Mauv,Puce,28756,17516,384,2020
313,WAULT54B22N160946,V8,2,Teal,Puce,29384,19152,342,2020
314,1GYFK33259R975079,V6,6,Red,Orange,29417,19421,40,2020
315,3D73Y4CL9AG450008,V6,10,Red,Violet,25163,17041,228,2017
316,1G6DH8E50D0204268,V4,18,Fuscia,Teal,33071,16503,129,2020
317,WAUJT68E92A266626,V4,15,Violet,Violet,28782,18918,66,2017
318,JM1NC2JF0E0662759,V6,13,Maroon,Yellow,28728,15193,170,2018
319,1N6AA0EC6EN095501,V4,8,Blue,Yellow,31634,15180,291,2017
320,5LMJJ2HT7FE161820,V4,22,Orange,Turquoise,25466,19490,114,2018
321,1J4NF1FB7AD223756,V4,23,Mauv,Blue,26632,16483,25,2017
322,WA1EV74L57D472762,V4,15,Khaki,Crimson,34691,19919,73,2017
323,JM1CW2BL0C0570731,V6,12,Mauv,Khaki,33627,17991,194,2020
324,WBAYP9C57ED796253,V6,24,Fuscia,Teal,32922,19511,110,2020
325,WP0AA2A81FK454773,V6,1,Fuscia,Red,34422,18062,304,2017
326,3D7JV1EP4AG497297,V6,2,Indigo,Orange,25532,16351,198,2019
327,YV1940AS5D1802386,V4,5,Khaki,Crimson,33603,15215,176,2020
328,WDDNG7BB8BA037972,V8,10,Teal,Puce,33397,17034,317,2019
329,JA4AP3AU3CZ691232,V8,6,Teal,Puce,29453,16648,14,2018
330,1G6AH5SX4E0641697,V8,19,Goldenrod,Mauv,32668,15280,243,2017
331,WBA8Z5C50FD339966,V8,5,Turquoise,Goldenrod,25592,18090,119,2019
332,WAUCFAFR7FA837724,V4,16,Puce,Puce,31563,15458,62,2020
333,3VW507ATXEM127184,V8,9,Green,Blue,27723,19000,132,2019
334,WAUHF98P87A699211,V6,10,Red,Goldenrod,28169,17459,226,2020
335,4JGBF2FEXBA046367,V6,25,Turquoise,Puce,28404,17666,98,2020
336,JM1DE1HYXB0266793,V8,22,Blue,Fuscia,33658,18223,76,2018
337,5UXXW5C52F0582627,V8,21,Violet,Turquoise,25578,18253,364,2018
338,19UUA9F24DA507657,V4,18,Crimson,Pink,34564,16934,42,2018
339,3D73M3CLXAG772940,V6,24,Aquamarine,Goldenrod,30898,19017,376,2017
340,1N4AB7AP2EN300805,V4,11,Blue,Maroon,34689,15196,110,2020
341,1GD02ZCG7DF471486,V6,7,Maroon,Green,26197,17638,45,2020
342,4USBT534X4L215847,V4,3,Orange,Green,30371,17984,220,2019
343,WAUMFAFL5DA046007,V6,25,Yellow,Goldenrod,30354,15759,114,2020
344,1N6AF0KX3EN408464,V4,21,Goldenrod,Aquamarine,26036,18616,49,2020
345,2G4WB52K241371022,V8,5,Puce,Puce,26046,17546,398,2019
346,1GYUCGEF0AR316021,V8,11,Green,Aquamarine,26653,18993,219,2017
347,1D7CW3BK7AS047713,V4,7,Aquamarine,Mauv,30901,17322,263,2020
348,1G6DS5EV7A0155386,V8,5,Yellow,Orange,28532,19812,48,2020
349,1G6AG5RX2F0338833,V4,19,Crimson,Teal,33917,19467,148,2019
350,5N1AA0NC9DN080536,V4,2,Pink,Goldenrod,33353,17135,36,2019
351,1G6AE5S31E0959685,V4,19,Purple,Indigo,34186,19250,391,2019
352,WBAPH7C54AA452761,V4,6,Purple,Mauv,25548,16378,161,2018
353,3GYVKMEF0AG467480,V6,13,Indigo,Crimson,33206,16583,118,2020
354,1ZVBP8AMXB5744082,V8,21,Green,Maroon,30326,16502,63,2020
355,1N4AA5AP0BC101587,V8,21,Pink,Violet,32765,17724,239,2020
356,1G6YX36D275405979,V6,12,Fuscia,Goldenrod,31972,18560,167,2020
357,1G6DU6EV8A0612979,V4,8,Puce,Goldenrod,28076,15684,123,2017
358,WA1LGBFE9ED269485,V4,17,Khaki,Teal,34041,15292,298,2020
359,WBA3A5G54EN498512,V8,2,Teal,Fuscia,32855,17749,396,2019
360,1C3CDZCB7DN820365,V4,15,Orange,Violet,30182,16833,185,2018
361,3GYFNAE31CS294214,V8,15,Goldenrod,Crimson,26933,15778,96,2020
362,WBANB535X6C159021,V4,19,Puce,Red,27079,17398,341,2018
363,SCBBR93W87C038218,V6,10,Khaki,Mauv,32794,17701,105,2020
364,3D7TT2CT4BG466962,V4,12,Pink,Crimson,30541,17527,154,2019
365,WA1DKAFP8CA510482,V4,14,Aquamarine,Fuscia,28111,15272,60,2019
366,KL4CJDSB8DB133125,V4,7,Turquoise,Violet,34096,18797,305,2018
367,1G6AH5R37E0530452,V6,2,Mauv,Khaki,32015,16159,137,2019
368,3C63DPKL6CG031844,V4,11,Puce,Orange,34852,17988,336,2019
369,1B3CB5HA6BD812367,V6,8,Khaki,Maroon,26320,18682,368,2018
370,1NXBU4EE5AZ324222,V6,12,Teal,Mauv,33793,19011,238,2017
371,WP1AA2A2XBL475200,V4,23,Khaki,Goldenrod,29594,17266,79,2017
372,JM1CW2BL7C0605670,V4,23,Indigo,Teal,28800,17724,353,2018
373,1FTWX3B5XAE155074,V4,13,Mauv,Pink,34582,19487,182,2019
374,JTHBW1GGXE1385261,V4,25,Red,Crimson,26618,16288,10,2018
375,1D7RE3GK1AS517028,V4,5,Aquamarine,Yellow,31008,17967,280,2020
376,YV1902FH6D2133317,V6,19,Maroon,Green,32240,19645,75,2020
377,WBA3V5C54F5219815,V8,12,Goldenrod,Mauv,31298,15158,118,2018
378,2C3CA6CT0AH277221,V4,3,Red,Green,29012,15598,118,2020
379,WBAGL63554D021583,V6,9,Pink,Blue,26200,17475,255,2020
380,2FMHK6DC2AB743675,V6,7,Turquoise,Purple,29038,16705,382,2017
381,TRUXD38J691678198,V4,11,Fuscia,Violet,30652,15585,7,2017
382,1G6KE57Y64U483367,V4,10,Aquamarine,Violet,28826,18071,392,2018
383,WBA3C1G54EN957167,V6,21,Blue,Crimson,32871,17915,310,2017
384,KM8JT3AB5BU898003,V6,14,Goldenrod,Maroon,28383,15978,247,2019
385,5N1CR2MN7EC914493,V8,9,Yellow,Puce,26866,16166,338,2017
386,5N1AA0NE9FN044494,V6,2,Orange,Aquamarine,33714,15978,378,2019
387,2G61T5S33F9564243,V8,21,Red,Pink,32507,19597,337,2018
388,1GD21ZCG2BZ118323,V8,11,Aquamarine,Red,33809,17820,296,2020
389,2HNYD18421H592299,V4,6,Turquoise,Orange,28935,16699,77,2020
390,JTHBP5C23D5527357,V4,8,Red,Puce,33355,18970,61,2017
391,1C3BC6EVXAN304856,V4,22,Fuscia,Violet,30141,17725,241,2020
392,WBANU53598C630461,V6,13,Mauv,Indigo,27184,19490,258,2017
393,1YVHZ8BH3A5279016,V4,2,Orange,Maroon,30419,17602,188,2019
394,WBAYM9C52DD224756,V6,15,Teal,Purple,29325,17713,35,2019
395,3C3CFFFH6FT850792,V8,4,Teal,Red,31554,15494,280,2020
396,1FTWX3A50AE496467,V6,7,Maroon,Maroon,31236,15072,67,2018
397,WBAWR3C55AP599699,V8,8,Blue,Goldenrod,28422,17903,259,2019
398,SALCR2BG8FH468313,V8,12,Pink,Aquamarine,33660,19494,308,2020
399,WBSBL93482J315847,V6,7,Indigo,Green,29585,19413,244,2019
400,1FTEW1CF5FF415361,V4,13,Indigo,Teal,33518,19913,197,2017
401,1GD022CG1CZ047354,V4,11,Violet,Red,33162,15272,283,2018
402,W04GT5GC0B1592753,V8,9,Aquamarine,Orange,25216,17572,140,2019
403,19XFB4F23EE274411,V6,5,Turquoise,Purple,32364,18151,173,2018
404,JM1NC2EF1A0712590,V4,24,Yellow,Yellow,33772,18547,170,2017
405,2G4GT5GV4C9548447,V8,1,Fuscia,Blue,31288,19644,384,2018
406,2FMDK3AK8BB118398,V6,8,Maroon,Mauv,29071,16930,80,2018
407,1FTSW3A53AE524537,V6,13,Fuscia,Maroon,26012,15642,249,2019
408,5GADX33L85D620049,V8,21,Pink,Green,30401,17429,215,2020
409,2C3CDXDT2DH900788,V6,13,Teal,Green,29628,15314,16,2020
410,JN1CV6EK7BM731695,V4,7,Red,Turquoise,25554,17825,131,2017
411,3GYFNGEY9AS661436,V6,7,Goldenrod,Puce,33661,15751,322,2018
412,WAUGL68E25A926570,V8,24,Blue,Aquamarine,26185,17155,244,2018
413,WBAWB7C55AP570828,V6,12,Blue,Indigo,26363,18852,246,2020
414,WBA8Z5C53FD290035,V8,11,Teal,Puce,27961,15999,348,2018
415,5NMSG3AB1AH669384,V4,16,Crimson,Goldenrod,26602,15257,85,2017
416,2G4GR5EK0C9950649,V6,14,Khaki,Turquoise,28369,16658,23,2017
417,1FA6P0G77E5385128,V4,13,Crimson,Puce,29807,17611,49,2017
418,1LNHL9EK1FG997045,V4,17,Turquoise,Goldenrod,30976,15148,331,2018
419,2C3CA3CV5AH558298,V6,4,Puce,Orange,28319,19742,318,2018
420,KMHHT6KD9BU866655,V4,22,Yellow,Green,26909,15533,134,2020
421,3N1BC1AP4BL518042,V6,18,Orange,Fuscia,25949,15561,34,2019
422,JTJBC1BA5A2855646,V4,8,Turquoise,Purple,34722,15143,143,2019
423,KNADM4A37E6391767,V6,10,Goldenrod,Pink,32945,19727,125,2020
424,1FMNE1BW0AD330402,V6,14,Blue,Goldenrod,30400,16937,167,2020
425,WBAYA8C50FD563263,V8,5,Green,Puce,34863,18455,75,2019
426,NM0AS8F71E1593156,V8,13,Yellow,Fuscia,34746,19391,121,2017
427,4USBT33454L358242,V8,23,Crimson,Indigo,30556,18781,290,2017
428,2C3CCAKG3FH025035,V8,9,Puce,Mauv,25876,15251,28,2019
429,4T3BA3BB5AU596919,V8,18,Green,Violet,33749,15266,45,2018
430,1FTEX1CM0DK533463,V6,25,Aquamarine,Blue,30233,16224,224,2020
431,2T1BURHE2FC953082,V6,13,Mauv,Crimson,28406,19656,85,2020
432,1GD311CG9FF026655,V8,1,Green,Puce,29876,18045,239,2020
433,JH4CL95988C397871,V6,21,Pink,Aquamarine,25327,16314,263,2019
434,WAUUL68E75A046287,V6,9,Blue,Purple,34330,16376,348,2020
435,5J8TB4H37EL135092,V4,15,Violet,Goldenrod,33017,16024,122,2019
436,KL4CJCSB0FB768143,V6,23,Blue,Red,32257,18519,106,2020
437,1C3BC2EB2BN740178,V4,25,Maroon,Mauv,32344,17802,364,2020
438,1FADP3E24DL646693,V6,15,Fuscia,Aquamarine,31577,19323,115,2017
439,WAUKFBFL6BA358590,V4,2,Maroon,Mauv,33269,19509,87,2018
440,WP1AE2A21FL088870,V6,14,Aquamarine,Red,27461,16271,58,2020
441,JN1AZ4EHXBM491689,V8,7,Yellow,Fuscia,26537,18303,144,2019
442,1FMEU5BE6AU454529,V6,11,Violet,Maroon,31315,18810,219,2018
443,WAUMR44E15N614566,V4,6,Teal,Mauv,32397,17096,321,2018
444,1GYS4UKJ8FR297897,V8,15,Maroon,Goldenrod,30758,18779,211,2019
445,3VW117AU6FM585455,V6,18,Aquamarine,Mauv,30295,17273,388,2020
446,WA1BY74L97D845070,V4,11,Aquamarine,Aquamarine,34763,16596,9,2017
447,1GYFK13229R188286,V6,19,Yellow,Aquamarine,32844,19435,170,2017
448,JM1NC2PF6E0634911,V8,22,Red,Pink,28844,15418,103,2018
449,WBA3A5G54CN366251,V8,17,Fuscia,Pink,32233,15739,221,2020
450,SCBFR7ZA8DC941417,V6,15,Red,Yellow,31503,15516,282,2018
451,WBAXG5C57DD078527,V6,11,Pink,Blue,33177,15039,148,2020
452,1FTFW1E80AF455794,V6,13,Teal,Fuscia,26766,15695,363,2020
453,JTHFF2C24F2563873,V8,10,Turquoise,Mauv,29681,15828,387,2020
454,JTDKN3DP6F3559286,V8,5,Maroon,Orange,32652,19834,233,2018
455,WAUGFAFR9BA161451,V6,18,Fuscia,Fuscia,31096,15656,114,2019
456,1G6AB5SXXE0182225,V4,4,Maroon,Puce,30697,19947,149,2019
457,3C3CFFJH7ET134361,V4,18,Puce,Violet,29856,15847,84,2018
458,WBA3A5G53FN006649,V6,7,Indigo,Teal,25554,15142,73,2017
459,WBA3F9C57EF911600,V6,6,Orange,Goldenrod,31059,17094,326,2020
460,1GD12YEG8FF444537,V6,17,Green,Teal,29705,18251,397,2017
461,JN1CV6EK9FM857577,V8,25,Green,Mauv,34686,15142,192,2018
462,WBAPK7C57BA451297,V6,19,Goldenrod,Indigo,34983,15441,352,2018
463,1HGCR6F51EA671043,V8,23,Purple,Khaki,33532,19929,30,2018
464,5GAKRCKD5DJ244700,V8,6,Aquamarine,Khaki,29566,15119,146,2019
465,WBA3A5C58DJ094740,V8,9,Aquamarine,Yellow,29687,16143,295,2019
466,JN1AJ0HP8AM266365,V6,4,Crimson,Blue,29833,19821,315,2019
467,1D7CE3GK3AS469599,V4,23,Red,Mauv,33095,17577,352,2018
468,5N1AA0NC7FN920719,V8,8,Puce,Puce,33070,17900,344,2017
469,JTHKD5BH1D2371819,V6,17,Yellow,Purple,27121,17386,40,2017
470,1G6DP5EV7A0752359,V6,21,Pink,Green,29399,19886,348,2017
471,JTDKDTB31C1529316,V4,2,Green,Teal,25441,15326,382,2017
472,SALWR2TF3FA813548,V6,12,Puce,Fuscia,27254,16781,332,2020
473,1GYS3AEF2BR460837,V8,18,Pink,Pink,30545,16277,386,2018
474,WBS3R9C58FF592714,V6,4,Teal,Puce,34637,17798,92,2018
475,WBSBL93434J650341,V8,10,Puce,Teal,33150,18871,129,2020
476,WBANV13588C872227,V8,25,Pink,Orange,25877,19383,204,2017
477,WAUBFAFL9DA256648,V8,4,Aquamarine,Fuscia,29638,19020,358,2019
478,5GADV23L25D685625,V6,25,Puce,Orange,26320,19265,86,2019
479,WAUKF98E68A850116,V8,16,Blue,Pink,28248,17828,91,2018
480,WAUSF98E78A596951,V6,16,Mauv,Orange,30991,18160,253,2020
481,JN1AZ4EH4FM901053,V4,7,Violet,Aquamarine,32475,15494,340,2019
482,1G6DJ8EGXA0451069,V8,17,Puce,Blue,26862,17338,164,2019
483,3LN6L2G91ER614821,V6,19,Indigo,Green,34072,18698,243,2018
484,WAURVAFD9BN720070,V6,10,Purple,Blue,26533,15024,215,2018
485,SCBBP9ZA3CC035352,V8,17,Maroon,Red,33479,17691,39,2018
486,3C6LD4BT7CG254103,V8,10,Teal,Orange,31889,18387,72,2019
487,2HNYD18683H613290,V8,17,Blue,Puce,30495,19535,94,2020
488,3VWF17AT3FM627691,V4,9,Fuscia,Aquamarine,25622,19567,290,2017
489,JH4DB75501S047803,V6,18,Orange,Turquoise,28521,18071,242,2017
490,3D7JB1EK0BG798583,V4,2,Khaki,Orange,32410,16074,56,2019
491,WVGEG9BP5DD411341,V8,9,Crimson,Indigo,34672,15781,130,2018
492,5N1BA0NE1FN541270,V4,4,Crimson,Violet,28245,18692,65,2018
493,KMHFG4JG1EA129662,V4,21,Khaki,Blue,27091,18052,242,2018
494,WBAFR7C52CC303863,V4,22,Aquamarine,Aquamarine,30259,18085,40,2017
495,1C4SDJCT1EC401460,V4,17,Fuscia,Red,30583,16920,6,2020
496,SAJWA0F71F8678926,V4,24,Pink,Purple,27016,18902,368,2019
497,JN8AF5MR8CT659539,V4,8,Orange,Purple,27219,15687,359,2019
498,1G6DM577190873519,V8,1,Red,Orange,28624,17134,155,2018
499,WBA3D3C51EF314414,V8,5,Teal,Khaki,31893,16998,277,2020
500,1G6KE54Y72U499904,V4,24,Turquoise,Violet,34267,15070,109,2019
501,5FRYD3H84EB114271,V8,23,Khaki,Green,29661,18423,373,2020
502,WDDHF2EBXDA348966,V4,16,Orange,Turquoise,32727,15587,63,2019
503,WAUDV94F68N517028,V8,12,Indigo,Turquoise,26972,17673,314,2019
504,WVWAB7AJ2CW099498,V8,10,Turquoise,Crimson,28189,17652,38,2017
505,2T3BFREV5DW205900,V6,17,Violet,Maroon,26924,17346,100,2019
506,WAUK2AFDXFN147177,V8,25,Pink,Orange,33888,17155,372,2017
507,3C6JD7EP5CG234245,V8,15,Purple,Red,26725,19644,331,2018
508,19UUA56883A001468,V4,12,Mauv,Khaki,34837,18780,265,2018
509,WBAPH7G59BN641670,V6,25,Maroon,Pink,32789,16427,149,2019
510,WAUHFAFL0DA431590,V4,22,Purple,Pink,31265,15372,44,2020
511,WAUAKAFB3BN425826,V4,6,Orange,Yellow,31017,19968,369,2019
512,5FRYD4H68FB357233,V4,24,Maroon,Indigo,30646,17362,104,2019
513,1G4PS5SK8D4777671,V6,16,Khaki,Turquoise,29342,15352,394,2019
514,WAURV78T59A807912,V8,21,Goldenrod,Red,32182,15190,183,2017
515,WBAPH5G54BN010233,V8,4,Turquoise,Blue,33157,19754,197,2020
516,3VWPG3AG3AM176480,V8,10,Crimson,Violet,25166,16565,93,2017
517,KNAGM4A77B5678902,V6,12,Yellow,Orange,30429,16722,175,2017
518,1G6KD57Y26U924689,V6,16,Orange,Crimson,31293,17808,282,2018
519,WVWAP7AN0DE404704,V6,24,Pink,Aquamarine,29618,18201,115,2020
520,WUARL48H89K082211,V4,25,Pink,Pink,31188,19016,385,2018
521,1FTEW1CM5EF996437,V6,23,Aquamarine,Orange,28769,17112,395,2019
522,5TFCW5F10BX017660,V6,4,Crimson,Blue,33995,17017,323,2020
523,19VDE3F32EE142881,V6,14,Green,Indigo,32953,19509,233,2017
524,KMHGC4DD0EU824747,V6,8,Red,Teal,29558,17460,231,2019
525,WAUSH78E97A173415,V6,24,Green,Goldenrod,34344,19575,182,2018
526,WUARL48H08K023202,V8,13,Mauv,Purple,29413,15071,322,2018
527,JTHBL5EF7F5361276,V8,20,Green,Mauv,25185,15732,34,2019
528,SALFR2BG4EH527577,V6,4,Crimson,Crimson,34526,15019,136,2020
529,WAUEG94FX6N284394,V6,2,Orange,Yellow,26435,19295,210,2019
530,19UUA656X6A784657,V4,23,Blue,Green,28785,19403,139,2020
531,WBALM5C56BE636530,V4,1,Goldenrod,Green,26264,17629,136,2019
532,WBAYB6C58FD568695,V8,20,Mauv,Teal,26744,17781,116,2018
533,5GADV33L65D703632,V4,25,Purple,Aquamarine,32818,16488,252,2020
534,TRUSX28N111487792,V4,23,Pink,Mauv,29904,16465,55,2018
535,1G6DN8EV1A0951771,V8,6,Fuscia,Mauv,25328,16700,228,2019
536,1FTEW1C80AK062013,V4,23,Red,Orange,27905,16356,21,2019
537,1FTWW3B54AE196786,V4,16,Indigo,Pink,29072,15240,283,2019
538,JHMFA3F28AS999828,V4,10,Mauv,Goldenrod,29867,15103,12,2019
539,WBANU53549B899457,V4,24,Indigo,Violet,32984,17261,304,2019
540,WBSWD9C52AP426123,V4,25,Violet,Aquamarine,33994,15453,163,2018
541,WBSBL93416P488631,V8,22,Violet,Violet,34062,19435,72,2017
542,WAUEF98E58A895223,V8,11,Yellow,Crimson,29307,15382,277,2020
543,WVGAV3AX0DW507045,V8,6,Mauv,Maroon,26209,17382,173,2018
544,JN8CS1MU9EM260394,V4,17,Mauv,Indigo,33040,16696,41,2017
545,WBSDX9C51BE584075,V6,18,Khaki,Blue,30804,19056,8,2020
546,1FTWW3B52AE610745,V4,23,Yellow,Purple,31348,16880,149,2020
547,3G5DA03E14S594142,V6,18,Violet,Orange,30017,16577,340,2020
548,3TMJU4GN7BM908205,V8,18,Yellow,Violet,31382,18659,123,2018
549,JN8AZ1MU1CW769335,V8,23,Maroon,Pink,28414,18222,324,2020
550,1FMJK1F53CE868050,V6,16,Green,Yellow,31514,17711,186,2018
551,1G6KF54932U145920,V4,14,Maroon,Red,30034,19220,268,2018
552,WUAPV54B43N035630,V8,6,Goldenrod,Puce,33629,15366,39,2019
553,1FTEW1CF4FK603134,V6,9,Turquoise,Blue,27362,18634,394,2020
554,SALFR2BG6EH361241,V4,4,Indigo,Red,30607,15009,214,2019
555,2B3CJ7DWXAH189529,V8,8,Violet,Turquoise,32644,15716,226,2020
556,JM1GJ1T61F1522382,V6,2,Fuscia,Red,26438,16205,117,2019
557,5GADV23187D472695,V8,22,Purple,Goldenrod,25005,19848,360,2017
558,TRUWT28N011245394,V8,16,Green,Violet,30388,18225,51,2018
559,1GYS3CEF1CR490442,V6,6,Khaki,Goldenrod,28489,17450,118,2019
560,1N6AA0CC8BN294371,V8,13,Puce,Purple,26127,19604,72,2020
561,WA1AY74LX8D740695,V6,10,Fuscia,Mauv,34994,16060,2,2018
562,WBA1F7C53FV925741,V8,10,Teal,Red,28668,19214,20,2019
563,3C6JD7CTXCG339654,V4,22,Purple,Pink,33745,19845,225,2017
564,3VWPG3AG3AM081370,V6,8,Fuscia,Crimson,25550,15563,318,2017
565,JA32X8HW6EU211908,V4,12,Indigo,Mauv,30628,19455,229,2020
566,WAUBGAFB1BN600659,V8,11,Fuscia,Khaki,29521,16591,303,2019
567,5N1AA0NE6EN677128,V6,24,Maroon,Yellow,33233,17384,83,2018
568,WAUEF98E18A750650,V6,3,Indigo,Green,25240,19864,242,2020
569,5N1AA0NE5FN647992,V6,4,Crimson,Mauv,32751,18570,194,2018
570,1FTSX2A59AE698961,V6,21,Indigo,Violet,33521,15506,343,2019
571,WAUJT58E63A434931,V8,25,Violet,Orange,26488,19687,380,2017
572,WBAWL1C51AP139834,V4,9,Aquamarine,Purple,30290,16016,274,2017
573,WAUDC68D81A992089,V6,2,Pink,Puce,32790,19589,203,2019
574,3VW1K7AJ0CM574742,V6,5,Yellow,Green,29535,19522,329,2020
575,2B3CJ4DG7BH769720,V8,7,Yellow,Aquamarine,30112,18423,125,2019
576,SCBCP7ZA7AC226634,V8,16,Indigo,Indigo,25735,18689,51,2017
577,JTHBP5C22D5455311,V8,22,Indigo,Blue,26727,19812,110,2017
578,JTHBL5EF3C5495598,V6,7,Green,Green,33957,19146,177,2019
579,3C3CFFCR6FT196650,V6,21,Violet,Red,26326,19541,39,2020
580,WVGAV3AX3EW543720,V6,20,Purple,Khaki,29958,18470,375,2019
581,5N1AA0NE7EN516741,V8,16,Aquamarine,Mauv,27153,16366,30,2019
582,JM1CR2W36A0717598,V4,14,Maroon,Khaki,32849,19314,199,2017
583,WAUML64B32N955112,V6,19,Khaki,Red,32054,19241,355,2018
584,WAUDT48H56K087365,V8,8,Violet,Orange,33990,18037,241,2019
585,JM1DE1HYXB0635863,V8,19,Aquamarine,Mauv,33443,19348,356,2019
586,3N1AB6AP6BL311356,V6,13,Yellow,Indigo,25147,17923,152,2017
587,1C4AJWAG2CL435850,V4,16,Khaki,Khaki,33647,15184,290,2019
588,WBALM5C52AE945104,V6,19,Green,Maroon,32483,19239,32,2018
589,WAULC58E34A135794,V4,23,Mauv,Red,34617,17181,306,2017
590,JTHBE5C24A2718448,V8,18,Khaki,Purple,32982,15604,369,2019
591,WAUPL68E44A877564,V4,23,Teal,Indigo,25292,17528,238,2018
592,5UXZV8C53BL375881,V4,2,Orange,Aquamarine,31300,18591,157,2019
593,5UXWX7C50EL599444,V4,12,Blue,Pink,26034,16579,35,2019
594,2C3CCAGG4EH640345,V4,19,Orange,Violet,30632,18050,394,2017
595,1G4GJ5E3XCF278817,V8,17,Yellow,Goldenrod,29871,19771,276,2019
596,WBAGN635X5D561460,V8,14,Maroon,Pink,33436,17745,9,2019
597,JN8AZ2KRXCT147855,V4,3,Indigo,Turquoise,29319,19956,154,2017
598,JTHBW1GG7F2465578,V4,24,Aquamarine,Fuscia,32865,16382,290,2019
599,1C4RDJAG0CC448738,V8,5,Khaki,Mauv,31135,15595,13,2018
600,2G61L5S3XE9917169,V8,23,Green,Violet,29676,19686,355,2019
601,WAU2GAFC8EN055878,V8,7,Pink,Mauv,33078,18393,210,2020
602,KNDJT2A55C7419040,V6,7,Indigo,Puce,27966,18403,376,2020
603,3VW467AT8DM031482,V4,15,Maroon,Khaki,26359,16601,184,2018
604,JH4NA21692T694530,V6,18,Purple,Crimson,34765,16941,14,2018
605,2T1BU4EE8DC523979,V6,25,Indigo,Maroon,33007,15812,204,2018
606,1N4AB7AP3EN627231,V4,22,Indigo,Yellow,31471,17126,52,2020
607,1FTSW2B57AE560997,V8,13,Khaki,Crimson,33452,19758,222,2020
608,TRUWT28N431476673,V8,13,Crimson,Goldenrod,29207,15127,34,2019
609,WVGAV7AX3AW698902,V4,24,Fuscia,Indigo,30875,15430,192,2019
610,WDCYC3HF3DX404180,V4,6,Blue,Aquamarine,30297,16526,226,2018
611,3GYFNEE38CS241968,V8,8,Goldenrod,Goldenrod,27806,18371,163,2018
612,KNDMG4C77E6426835,V6,24,Teal,Crimson,34447,15925,160,2020
613,3C4PDCGB4ET801472,V8,16,Fuscia,Aquamarine,27115,18013,372,2020
614,WBA3N7C56EF430003,V6,14,Orange,Crimson,27014,15687,308,2019
615,WVGAV3AX5EW015435,V4,14,Teal,Maroon,32381,17039,287,2020
616,SCFAB01AX6G538907,V4,16,Orange,Khaki,27040,18198,361,2017
617,3D73M4CL5BG113140,V8,22,Teal,Indigo,27691,17107,122,2018
618,JTHBB1BA2A2022553,V8,1,Blue,Indigo,33415,16294,335,2018
619,WAUJC58E95A551650,V4,17,Khaki,Aquamarine,27830,19093,203,2019
620,1G6DC1E37D0616742,V8,5,Indigo,Red,27200,16624,341,2018
621,5GALVAED9AJ398130,V8,21,Pink,Yellow,27442,18976,46,2020
622,5N1AR1NB6CC825534,V4,2,Khaki,Fuscia,34280,18797,276,2019
623,5TDBKRFH6FS668900,V8,10,Indigo,Fuscia,27127,15857,5,2017
624,WBAYF4C52ED582972,V4,22,Orange,Teal,30169,17133,31,2017
625,1FMJU1F55AE671775,V8,4,Blue,Orange,28642,15389,239,2018
626,YV1902AH7C1768221,V4,14,Violet,Indigo,34885,18213,50,2017
627,KMHFC4DD3AA329787,V6,7,Khaki,Pink,25051,17612,166,2019
628,5J6TF1H59EL375029,V8,24,Khaki,Aquamarine,29804,15436,207,2019
629,WAUJC68E94A322549,V6,6,Violet,Purple,28210,19174,237,2017
630,1G6DL1E30C0918887,V4,3,Orange,Yellow,28780,17265,100,2020
631,WBAWR335X9P522855,V6,20,Teal,Violet,34283,17947,204,2020
632,WAUMGBFL2BA520270,V8,18,Aquamarine,Indigo,32353,19314,177,2018
633,19UUA65536A557589,V8,8,Turquoise,Puce,32554,18432,87,2019
634,JTDZN3EU4FJ375785,V4,6,Indigo,Khaki,26317,17960,283,2018
635,1GYUCKEF9AR557952,V4,12,Mauv,Purple,30652,18678,169,2017
636,3C6TD4CT8CG965176,V6,24,Green,Red,25765,16260,388,2017
637,1GKS1EEF3CR276788,V6,15,Turquoise,Puce,27756,16936,380,2018
638,WBA1J7C50FV752081,V8,7,Aquamarine,Puce,33928,18772,246,2018
639,JTDZN3EU4FJ793389,V4,6,Turquoise,Maroon,29597,18919,201,2018
640,JN8AZ2KR8CT478112,V6,18,Khaki,Red,34486,15555,29,2017
641,WBAYE8C50DD293064,V8,10,Fuscia,Crimson,25925,16871,248,2020
642,5N1AR2MM7FC791231,V4,20,Khaki,Mauv,29032,18175,83,2017
643,1FMJK1HT2FE168066,V6,4,Puce,Khaki,27775,15223,13,2020
644,W04GW5EVXB1893591,V4,2,Green,Orange,26063,18779,203,2020
645,WAUWGAFC1DN967395,V6,15,Fuscia,Mauv,27037,16144,176,2019
646,WAUGL78E67A793997,V6,16,Mauv,Yellow,25935,18428,342,2017
647,WAU2GBFC0EN033606,V4,9,Fuscia,Goldenrod,29580,15155,153,2019
648,SCBFR7ZA7DC225351,V8,21,Khaki,Mauv,30600,18860,217,2019
649,3D4PH1FG1BT583401,V6,20,Yellow,Violet,31631,19656,108,2017
650,1FMJU1F52AE870718,V8,19,Goldenrod,Aquamarine,30673,17374,264,2020
651,WAUXU64B43N107347,V6,14,Mauv,Blue,33708,17798,74,2020
652,1G6DV5EP2D0300153,V4,13,Puce,Turquoise,26859,18574,172,2020
653,JN8AF5MR7DT975077,V4,14,Yellow,Goldenrod,26088,18974,29,2020
654,WBA3B9C5XEJ064399,V4,17,Green,Turquoise,29466,16117,85,2019
655,1GYFC16289R644946,V6,24,Purple,Fuscia,25003,19235,245,2017
656,JTDZN3EU6EJ745522,V4,22,Khaki,Red,30785,15775,56,2020
657,1D7RW2BK3BS907743,V6,18,Puce,Purple,34668,18250,393,2019
658,KMHCM3AC8AU940161,V8,13,Khaki,Teal,34704,15084,350,2020
659,WAUCFAFR1BA963037,V8,23,Goldenrod,Puce,29458,19426,229,2020
660,1FMCU4K34CK394684,V6,17,Crimson,Turquoise,28138,16547,40,2019
661,WAUEG98E36A853059,V6,11,Red,Violet,33213,18451,135,2017
662,1N6AA0CJ6FN657089,V4,20,Purple,Aquamarine,32002,19172,138,2017
663,WAUJF78K39N363858,V8,25,Puce,Violet,28711,15993,291,2017
664,JN1CV6FE7CM312062,V4,5,Red,Crimson,27543,16860,342,2020
665,1GYS3TKJ7FR744393,V8,24,Violet,Indigo,32515,15819,392,2019
666,2C3CDZFJ3FH724828,V4,21,Goldenrod,Fuscia,28770,16145,192,2020
667,SCBBP9ZA0DC006666,V8,6,Red,Puce,30323,19669,73,2020
668,WVWGU7AN5CE809538,V8,4,Teal,Indigo,32442,16435,53,2017
669,5J8TB4H5XEL954681,V8,19,Pink,Pink,34548,15379,301,2017
670,4JGBF2FE5BA410484,V4,12,Aquamarine,Red,29084,18856,187,2017
671,WAUHFAFLXEA892605,V8,19,Red,Red,26659,17975,35,2020
672,JN1CV6AP4BM774537,V6,7,Maroon,Mauv,33502,18861,315,2017
673,5TFBM5F12AX682110,V8,9,Crimson,Purple,31854,16931,385,2017
674,WAUBH74F76N537515,V4,20,Teal,Puce,28993,19077,162,2018
675,1FMCU4K33CK198753,V6,12,Teal,Yellow,28699,17338,74,2020
676,WBANA73584B502507,V8,17,Turquoise,Teal,27458,19584,84,2017
677,JM1NC2PF0F0949480,V6,12,Maroon,Turquoise,30431,17205,349,2020
678,WAUKH78E58A277174,V6,9,Fuscia,Teal,33461,17666,35,2020
679,WBAGN634X3D250177,V4,9,Teal,Aquamarine,28001,18875,194,2019
680,JN8AE2KP2B9491797,V8,25,Aquamarine,Red,29735,19986,340,2018
681,1C6RD7NT2CS849022,V6,1,Purple,Yellow,27961,17757,315,2018
682,JN1BY1AP9EM406221,V8,20,Khaki,Yellow,32749,17231,326,2018
683,WUARL48H24K085632,V6,3,Mauv,Red,29902,15525,357,2020
684,WBAKA8C59AC956585,V8,19,Maroon,Green,34755,17630,276,2018
685,1FTSW2B55AE958225,V8,17,Green,Yellow,27160,15911,1,2019
686,WAUPL68E74A100683,V4,21,Pink,Yellow,31109,15729,2,2020
687,WP0CA2A80DK573341,V6,24,Orange,Mauv,27791,19425,76,2017
688,5N1AN0NU9DN125827,V4,16,Crimson,Khaki,27774,17735,199,2017
689,1FTWX3A51AE895288,V4,18,Mauv,Yellow,26723,16384,290,2020
690,WA1AY74L17D496997,V8,18,Fuscia,Puce,29787,16998,195,2018
691,5UXZV8C51CL383379,V8,16,Khaki,Aquamarine,25831,16268,2,2019
692,1G4GA5EC0AF544309,V6,3,Turquoise,Violet,25218,15212,110,2020
693,1YVHZ8BH7D5216070,V8,15,Orange,Fuscia,26233,18789,127,2020
694,5N1AA0NC6AN467668,V4,23,Red,Crimson,31075,19234,367,2018
695,JTHBL5EF1E5432566,V8,25,Pink,Yellow,26867,15371,316,2018
696,3N1CE2CP9EL435745,V4,14,Turquoise,Blue,34982,19382,128,2019
697,1FBNE3BL6BD740780,V8,7,Orange,Yellow,33353,19179,373,2018
698,1GYS3NKJ6FR021453,V6,18,Green,Maroon,31744,16591,17,2018
699,WBANU53549B858469,V4,6,Red,Goldenrod,34126,18351,359,2017
700,2T3BFREV4FW609273,V6,21,Yellow,Puce,27035,15297,378,2019
701,3D7JV1EP8AG013650,V6,15,Goldenrod,Aquamarine,27488,16963,333,2018
702,1G6DC5EG2A0152698,V4,16,Red,Maroon,34917,15614,268,2017
703,SCBBR93W88C832590,V4,2,Aquamarine,Turquoise,27739,15152,232,2020
704,1GT3CZBG9AF214468,V4,24,Goldenrod,Aquamarine,28311,15613,257,2017
705,2G4WS55J531129228,V6,10,Aquamarine,Mauv,28681,18265,229,2019
706,JN1CV6EL7FM428673,V8,13,Blue,Puce,26459,19313,156,2019
707,1G6DP57VX90664270,V8,24,Purple,Puce,34709,18413,74,2019
708,3C4PDCBBXFT805244,V6,7,Pink,Orange,28528,15675,23,2017
709,3VWPG3AG6AM513918,V6,5,Teal,Indigo,34552,17609,264,2019
710,2G61R5S36F9712724,V6,24,Purple,Turquoise,32401,15555,131,2019
711,KNAFK4A62F5331038,V4,14,Crimson,Orange,29147,16035,241,2017
712,WBA4A5C59FD420258,V8,3,Goldenrod,Puce,32677,17639,80,2020
713,19UUA9F2XBA435781,V8,2,Green,Red,33301,17526,241,2018
714,1G6DV5EP8D0457945,V8,7,Violet,Maroon,26017,18671,189,2018
715,3VWKX7AJ4AM993101,V6,25,Red,Red,28703,16611,266,2020
716,JN1CV6EK7AM121567,V8,3,Khaki,Teal,32034,17121,280,2019
717,1FTSW3A58AE856442,V8,1,Yellow,Green,29787,18292,261,2018
718,SAJWA2GZ4E8093235,V8,14,Orange,Violet,27043,15353,340,2017
719,1GD120EG8BF188430,V4,3,Red,Blue,25171,17771,149,2017
720,WAUPFBFM4BA657266,V6,25,Indigo,Crimson,26453,17702,302,2020
721,5NPDH4AE0EH008038,V8,21,Orange,Violet,31982,15995,216,2020
722,1FMCU0F73FU115465,V6,24,Violet,Puce,33861,19605,232,2020
723,JTMHY7AJ8F4479846,V6,1,Crimson,Goldenrod,30574,17051,315,2017
724,WAUVT54B24N638911,V4,16,Red,Yellow,26591,18590,158,2019
725,WAUHGBFC0CN712928,V8,15,Fuscia,Turquoise,31984,15729,102,2017
726,1FTNF1E89AK703589,V8,17,Pink,Aquamarine,28326,19363,221,2019
727,1GYS3HEF6DR013892,V4,6,Purple,Mauv,33956,16190,283,2020
728,WUAAU34268N410776,V6,18,Pink,Turquoise,27928,16831,143,2017
729,5UXWY3C57F0949340,V8,15,Crimson,Yellow,29086,19861,108,2020
730,3C3CFFHH4DT732590,V8,5,Turquoise,Green,25604,16932,131,2018
731,SCBLC47J48C609986,V4,23,Green,Yellow,31024,18822,86,2018
732,WAUGL98E88A286385,V4,2,Crimson,Blue,34991,19045,189,2019
733,5N1AN0NW3FN878595,V4,8,Indigo,Blue,29385,19987,89,2017
734,WUARL48H45K204671,V4,14,Green,Turquoise,28601,16765,211,2019
735,WDDEJ7EB7DA879976,V8,5,Aquamarine,Blue,32798,18720,387,2019
736,WDDHF2EB4BA971738,V4,14,Goldenrod,Teal,25905,18122,167,2020
737,1C3CDFDH3ED431523,V8,25,Indigo,Pink,25324,16690,300,2018
738,1FTNX2A52AE339982,V4,21,Teal,Goldenrod,28183,15759,185,2019
739,3D7TT2CT0BG706668,V6,16,Orange,Violet,32298,16040,351,2017
740,WAU4FAFL2CA596859,V4,2,Crimson,Indigo,32486,19061,294,2017
741,3GYVKNEF6AG034199,V6,9,Goldenrod,Red,32994,15485,203,2017
742,WA1DGAFP8EA335672,V6,13,Fuscia,Violet,28720,16043,300,2017
743,WBALL5C58CJ146067,V8,5,Mauv,Pink,29270,16550,136,2018
744,WBA1J9C51FV720252,V4,3,Purple,Mauv,29669,17052,9,2017
745,1GD312CG9CF106877,V6,19,Pink,Indigo,34140,19255,171,2018
746,JN8AE2KP6B9381982,V8,3,Puce,Violet,33296,15857,103,2017
747,WAUNF98P48A278767,V8,24,Pink,Violet,26377,18460,179,2018
748,WBAEH73405B020165,V8,22,Aquamarine,Orange,29807,15060,373,2017
749,WAUGVAFR4AA605059,V6,15,Pink,Red,28074,16245,249,2017
750,JHMZF1C64ES658782,V8,18,Pink,Crimson,33732,18259,331,2017
751,1G6AK5SX7D0407294,V6,13,Red,Blue,33000,17006,351,2019
752,5TDDCRFH6FS766251,V8,11,Green,Maroon,30053,16081,268,2017
753,1C4SDHCT0DC327567,V4,1,Yellow,Puce,26683,19124,51,2017
754,WAUHE78P49A020500,V4,2,Red,Orange,31438,16514,11,2020
755,KL4CJGSB0DB502285,V8,11,Violet,Mauv,27207,18441,319,2018
756,1FTMF1CW7AK663381,V8,25,Orange,Orange,34979,18548,84,2020
757,1G4GA5EC3BF198466,V4,12,Orange,Green,34080,17657,290,2017
758,1GYS4EEJ3BR984569,V4,18,Orange,Yellow,28330,17794,220,2018
759,JN8AF5MR9CT622905,V4,25,Blue,Blue,27670,18307,126,2020
760,2G4WD582981398452,V4,18,Maroon,Indigo,31306,15485,196,2020
761,WVWAP7AN0DE171827,V4,24,Khaki,Puce,30645,15984,295,2020
762,WA1WKAFP6AA563381,V4,5,Khaki,Blue,31114,19712,322,2017
763,JH4CL959X7C116698,V6,2,Turquoise,Yellow,30500,15849,359,2019
764,1FMJK1G54DE557940,V8,8,Red,Pink,34786,18378,340,2019
765,3C63DPBL7CG583935,V4,9,Pink,Aquamarine,27197,17092,132,2020
766,WBANU53509C978523,V6,19,Teal,Teal,34651,17034,101,2019
767,JM1NC2PFXE0008276,V8,19,Violet,Puce,34229,15840,246,2018
768,WA1LFBFP8BA034562,V6,8,Puce,Mauv,26852,16949,84,2018
769,1G6DG5E56C0950742,V8,6,Mauv,Maroon,33807,16059,397,2019
770,1GYFC23289R361716,V4,5,Teal,Maroon,32517,17721,264,2019
771,2HNYD2H21CH766659,V6,2,Blue,Teal,27036,17740,100,2017
772,3MZBM1K79FM838284,V8,16,Indigo,Crimson,27896,17950,204,2017
773,1C4AJWAG0CL886341,V4,1,Indigo,Blue,34082,19249,64,2018
774,1N4AA5APXDC390495,V4,9,Teal,Aquamarine,25222,15148,264,2020
775,TRUUT28N531721262,V8,23,Purple,Orange,31827,16423,122,2017
776,1G6DM57N130600523,V4,5,Orange,Purple,27656,17773,192,2017
777,1N4AL3AP2EC269251,V4,9,Goldenrod,Purple,34688,16948,60,2018
778,4T1BD1FK2FU428659,V8,12,Turquoise,Violet,26455,19110,44,2019
779,YV1672MW0B2379504,V6,13,Yellow,Red,27477,15812,50,2019
780,5N1AN0NW3FN058193,V6,24,Purple,Purple,26848,15585,262,2018
781,3VW507AT1FM998282,V4,4,Purple,Goldenrod,32252,15837,352,2020
782,W04GR5EC3B1188010,V6,7,Green,Puce,26875,17370,143,2019
783,1GYS3KEF5ER202175,V4,5,Indigo,Blue,25426,15518,280,2020
784,1G6DU6EA3A0771213,V6,9,Red,Yellow,34494,17823,317,2018
785,JA32U2FU6EU650386,V8,19,Goldenrod,Khaki,30488,16381,67,2018
786,1FTEW1CM7EK201833,V6,14,Blue,Maroon,28009,15175,82,2018
787,1FTEW1C82AF189063,V6,17,Puce,Teal,31011,16143,128,2017
788,1FTSW2B5XAE767822,V8,12,Red,Green,30707,18446,210,2017
789,2G61R5S39F9899215,V6,25,Yellow,Puce,25635,16225,139,2018
790,WAUUL78E66A418919,V6,10,Teal,Pink,30123,15165,282,2018
791,1FTEW1CM0CK824630,V6,15,Fuscia,Crimson,31465,19253,205,2017
792,3G5DA03E42S597534,V6,17,Blue,Orange,27353,15431,108,2020
793,WP0AB2A82CS574347,V6,20,Yellow,Turquoise,34866,18017,136,2020
794,3VWF17AT8FM581484,V8,17,Puce,Fuscia,31900,16554,144,2018
795,1N6AD0CU2FN980041,V6,6,Green,Turquoise,25360,15087,160,2017
796,JTEBU5JR4E5653122,V8,12,Fuscia,Red,27404,19260,194,2019
797,WBA3B3C58FJ920605,V4,12,Orange,Khaki,31274,17050,205,2018
798,WAUGN94F79N212099,V6,24,Fuscia,Blue,26283,15254,309,2019
799,WDDEJ7GB9DA798572,V8,19,Aquamarine,Aquamarine,33044,15959,244,2019
800,5GADV33L66D039091,V6,2,Fuscia,Violet,31075,19983,400,2019
801,1FTSW3A58AE752629,V8,4,Fuscia,Maroon,34410,18541,10,2019
802,1B3CC4FB8AN020006,V8,15,Yellow,Pink,34886,17047,200,2017
803,4USCN33422L180561,V8,24,Fuscia,Maroon,31511,19289,345,2018
804,WAU3VAFR6CA656807,V6,16,Crimson,Maroon,29494,16768,255,2020
805,1YVHZ8BH9B5600042,V4,9,Aquamarine,Fuscia,34586,18087,378,2019
806,JN1BV7AP2FM557706,V6,19,Purple,Yellow,32341,17733,213,2017
807,WAUXD68D32A512651,V8,15,Violet,Orange,28459,17158,99,2017
808,WAUVT64B43N776051,V8,19,Pink,Aquamarine,26616,15486,44,2018
809,WA1DKAFP3CA273562,V6,25,Orange,Crimson,26256,15368,347,2019
810,5GAKRCKD5DJ475547,V8,7,Fuscia,Indigo,28519,18470,93,2018
811,JHMFA3F2XBS139804,V6,22,Goldenrod,Aquamarine,33242,16838,303,2018
812,1G4HA5EM4BU384879,V6,12,Aquamarine,Fuscia,32457,19970,328,2019
813,3C4PDCBB2CT087748,V8,23,Purple,Puce,31349,19312,44,2019
814,1FTEW1CM4EK668367,V4,13,Orange,Khaki,30395,16715,209,2019
815,WAUEL74F75N370258,V8,17,Mauv,Maroon,31075,18144,226,2020
816,2G61T5S34D9833458,V6,2,Pink,Maroon,33122,16983,50,2020
817,1N6AA0CA6CN877778,V6,1,Purple,Maroon,29739,17287,108,2018
818,WBA3B5G58EN714617,V6,17,Pink,Red,26365,16912,250,2020
819,WAUFGAFB9AN250732,V4,21,Puce,Orange,25293,17770,29,2019
820,2T1KE4EE9AC984438,V4,9,Fuscia,Fuscia,31619,15829,115,2020
821,WBA5M4C50FD783019,V8,2,Turquoise,Yellow,31988,15629,291,2018
822,JN8AF5MR8DT664015,V4,14,Turquoise,Indigo,25993,17453,185,2017
823,5N1BA0ND8FN172284,V4,16,Goldenrod,Fuscia,30658,16267,400,2017
824,2G4WY55JX21613814,V6,23,Pink,Fuscia,27385,16371,51,2018
825,WAUMF68PX6A283849,V6,21,Puce,Violet,29409,17862,19,2020
826,YV1852AR9A1588631,V8,9,Turquoise,Fuscia,31874,17842,141,2017
827,WA1CGAFE7FD925906,V8,24,Crimson,Pink,34926,16332,200,2020
828,YV4952CY0C1827949,V6,3,Indigo,Yellow,29721,17765,66,2017
829,WBAWL73558P025137,V6,18,Indigo,Purple,27578,18633,97,2017
830,2G61R5S35E9091961,V4,4,Turquoise,Aquamarine,26310,16850,101,2019
831,2D4RN5DG9BR410448,V8,19,Mauv,Purple,31340,17959,44,2017
832,WBA3F9C52EK170991,V8,11,Purple,Indigo,32851,18657,228,2018
833,1G6YV34AX55778988,V8,23,Violet,Aquamarine,31134,17760,20,2019
834,5N1AN0NW8DN184997,V6,7,Turquoise,Violet,27330,18466,353,2018
835,1GYS4SKJ2FR395652,V4,4,Teal,Fuscia,34044,15253,318,2019
836,2G4GU5EV0C9398191,V4,24,Goldenrod,Purple,30057,18098,138,2019
837,WBAEH13557C392717,V4,10,Crimson,Mauv,33680,17607,352,2019
838,1GYS3GKJ6FR819835,V4,2,Mauv,Crimson,34707,17798,380,2020
839,WAUGU44D43N805446,V8,16,Turquoise,Mauv,32425,16958,257,2020
840,1GYS3HEFXER515712,V4,7,Maroon,Goldenrod,33591,19305,205,2018
841,1GD12ZCG4BF046275,V8,4,Maroon,Fuscia,26771,18246,226,2020
842,5UXWY3C53F0661864,V8,14,Yellow,Puce,27395,16749,27,2020
843,4T1BK1EB3FU192319,V6,7,Teal,Green,25194,17760,221,2019
844,WAUEF78E87A489150,V6,23,Indigo,Mauv,29692,18153,313,2018
845,1D4RD2GG0BC471645,V6,17,Purple,Aquamarine,31099,19352,107,2020
846,5GAER13D39J975326,V8,11,Purple,Crimson,31655,17148,332,2019
847,WBALM73589E042740,V4,11,Khaki,Violet,29284,15829,16,2020
848,WUADUAFG9EN791495,V4,17,Blue,Violet,27675,18924,8,2019
849,JH4KB16647C025916,V8,10,Puce,Fuscia,29680,15089,246,2017
850,SCFEBBBK3BG385754,V8,13,Turquoise,Khaki,27116,15478,347,2019
851,WAUEH94F67N481416,V6,2,Goldenrod,Purple,31658,18252,240,2018
852,YV1612FHXE1964715,V6,20,Green,Teal,25579,17672,147,2019
853,1G6AH1RX6F0373154,V6,5,Pink,Turquoise,27320,19625,260,2017
854,19UUA75578A597571,V4,22,Pink,Green,34491,18736,63,2019
855,WBADW7C5XBE897959,V8,14,Turquoise,Puce,32906,16206,354,2018
856,JH4CW2H5XBC525624,V6,15,Red,Puce,26042,16215,299,2018
857,WBA3D3C56EK827553,V8,3,Maroon,Teal,27346,15319,252,2018
858,JN1BJ0HR9DM347594,V8,16,Mauv,Khaki,33141,17725,192,2018
859,3VWJX7AJ4AM551110,V6,8,Maroon,Blue,27150,18958,327,2017
860,5UXFA93556L911594,V6,7,Orange,Goldenrod,33962,18602,371,2019
861,WA1VMAFE7AD692314,V6,8,Khaki,Pink,25145,15682,289,2020
862,WAUKG74F96N470774,V6,10,Goldenrod,Goldenrod,28890,15126,357,2018
863,5NPEB4AC0BH723112,V4,8,Purple,Green,28030,18768,185,2020
864,JTEBU4BF8EK570034,V8,19,Green,Violet,32964,18035,43,2019
865,3N1AB6AP4BL006003,V8,22,Blue,Goldenrod,26911,16863,298,2020
866,WAUXU54B43N158633,V6,8,Mauv,Fuscia,33669,15349,169,2019
867,WBAEU33485P378041,V4,5,Teal,Aquamarine,34711,18904,11,2020
868,3FADP4AJXFM545176,V6,6,Purple,Maroon,29820,19226,137,2019
869,WVWED7AJ3CW232491,V4,6,Teal,Yellow,25651,17767,200,2019
870,WUADU78E78N304765,V6,13,Violet,Purple,27623,16138,153,2018
871,JN1CV6EK6EM227143,V8,9,Orange,Maroon,33130,17112,10,2017
872,JHMFA3F20AS841791,V6,8,Goldenrod,Indigo,33095,15292,302,2017
873,1GYS3TKJ8FR943193,V8,22,Aquamarine,Goldenrod,31364,16723,179,2018
874,JTDKN3DPXD3983700,V8,15,Fuscia,Turquoise,28294,17284,112,2018
875,WVGAV7AX4CW636895,V8,2,Khaki,Indigo,34098,17690,45,2019
876,1C4NJPBA8ED844188,V8,8,Blue,Khaki,29361,19965,139,2018
877,1G4HP54K934025723,V6,12,Blue,Turquoise,28509,16408,137,2020
878,1FTEW1CF3FK783139,V8,16,Purple,Maroon,31010,19358,78,2020
879,19XFB2F53CE033413,V8,14,Goldenrod,Pink,25024,18618,69,2018
880,WAUKH74F48N830906,V8,16,Orange,Teal,33940,15582,371,2019
881,3VW467AT0DM511936,V8,8,Green,Goldenrod,31844,17974,2,2020
882,JN8AE2KP8E9628844,V8,9,Violet,Fuscia,32872,17652,164,2017
883,WA1AY74L79D949412,V6,3,Pink,Purple,25876,16391,182,2017
884,1G6DJ5EV2A0354459,V8,22,Fuscia,Crimson,30553,19587,165,2017
885,1G4PT5SV1D4959090,V8,6,Blue,Pink,27915,19266,299,2017
886,WBAHN03576D820747,V4,5,Yellow,Indigo,31163,17242,325,2020
887,19UUA8F5XEA367684,V8,7,Teal,Khaki,30945,16851,168,2018
888,WAUGVAFR6AA247401,V8,16,Blue,Khaki,33472,19369,246,2017
889,SCBFR7ZA7DC732444,V6,15,Teal,Fuscia,27724,19453,359,2018
890,1D4PT4GK2AW810378,V6,6,Puce,Blue,30844,15389,31,2017
891,WP1AA2A27CL801066,V4,8,Orange,Purple,31907,15104,323,2019
892,WVWGU7AN0CE547590,V4,20,Violet,Orange,27033,16194,207,2017
893,4T3BA3BB9FU650813,V6,5,Pink,Mauv,34885,15536,338,2019
894,1NXBE4EE3AZ586110,V8,24,Orange,Pink,32178,18009,343,2018
895,1D7RV1CT1BS320493,V4,25,Pink,Crimson,28006,15063,191,2019
896,3D7TT2HT9BG330433,V4,16,Khaki,Red,32120,19877,175,2018
897,1GYS3HEF2BR508698,V4,10,Yellow,Crimson,26032,18561,254,2017
898,1N6AD0CU7CC402217,V8,13,Fuscia,Teal,30873,18129,32,2020
899,WAUFFAFL7BN614059,V4,4,Teal,Purple,32942,16669,190,2020
900,2D4JN1AG5BR927711,V8,21,Khaki,Yellow,25042,18021,306,2017
901,5YMGY0C53DL727790,V8,24,Purple,Crimson,33043,15545,110,2018
902,JHMZF1C66FS017389,V8,15,Mauv,Mauv,27644,19977,170,2020
903,WAUVT58E93A435427,V8,15,Pink,Khaki,27172,16988,311,2018
904,WBACK73471L582688,V4,6,Orange,Turquoise,32879,15982,42,2020
905,JM1GJ1T56E1671232,V6,9,Khaki,Purple,28735,19957,10,2017
906,WAUKFAFL7EA857204,V6,12,Yellow,Aquamarine,29601,19472,141,2017
907,KMHTC6AD9EU565061,V6,4,Crimson,Puce,28362,18588,22,2017
908,5GALVCED1AJ201589,V8,7,Mauv,Violet,32817,18853,335,2020
909,3C63DPJL5CG686983,V4,19,Mauv,Puce,30434,17577,253,2019
910,5TFAW5F1XFX372512,V4,18,Turquoise,Yellow,30676,18631,43,2017
911,1GKS1EEF9CR264970,V4,9,Indigo,Green,30252,19158,336,2017
912,WP1AA2A2XDL684942,V8,3,Puce,Turquoise,33861,19580,345,2020
913,JA32U1FUXAU611630,V8,18,Purple,Orange,30071,15189,128,2018
914,3GYFNEEY9AS336595,V6,18,Mauv,Crimson,31519,15886,43,2020
915,WBAUC73598V752459,V8,23,Turquoise,Red,30781,18484,149,2017
916,WAULF78K79N197501,V6,24,Aquamarine,Violet,32508,16420,107,2020
917,WBAAX13463P185457,V6,4,Yellow,Maroon,29951,15221,256,2020
918,1G6DC5EY2B0878118,V8,4,Mauv,Orange,28923,17417,274,2018
919,SCBBR53W868090815,V6,4,Puce,Puce,26589,18866,290,2018
920,3C4PDDBG6DT702837,V6,25,Pink,Fuscia,28703,15481,242,2019
921,1FBNE3BL3BD158166,V4,17,Fuscia,Maroon,30561,16306,192,2018
922,KNDPB3AC6F7986475,V6,8,Red,Puce,26800,15940,139,2020
923,SALAC2D45AA567538,V8,1,Crimson,Blue,32956,19128,1,2020
924,4T1BD1EB9DU519152,V4,13,Maroon,Purple,28038,17782,123,2018
925,JM1NC2MF3E0734436,V6,12,Puce,Green,34600,18640,355,2018
926,SAJWA1CZ0E8081003,V8,19,Mauv,Teal,29830,19923,196,2017
927,KNADH4A38A6636770,V6,14,Red,Yellow,31960,19072,22,2019
928,5J6YH1H32AL366472,V6,18,Puce,Orange,27681,17441,110,2020
929,1GD120EG6BF864809,V8,20,Goldenrod,Yellow,34882,19387,335,2019
930,YV4952CY0E1783552,V4,3,Indigo,Purple,26529,18904,8,2017
931,1FTEX1CM0BF066776,V8,7,Goldenrod,Crimson,25856,15053,45,2020
932,WBADN534X1G751983,V8,21,Maroon,Teal,29534,19738,287,2018
933,2T2BK1BA4EC865819,V8,1,Khaki,Purple,32466,17434,336,2019
934,WAUMV94E38N474999,V6,10,Goldenrod,Red,30175,17809,397,2019
935,1G6DX67D360180210,V4,11,Maroon,Green,34244,16866,392,2019
936,SCBZB25E11C741746,V6,9,Yellow,Yellow,33387,15371,348,2017
937,WBA3B1C59FP159228,V4,21,Puce,Mauv,34303,19348,340,2017
938,5N1AR1NB9BC316696,V4,18,Goldenrod,Violet,32244,18598,83,2017
939,5GALRAED2AJ776910,V6,16,Fuscia,Aquamarine,29448,19347,258,2018
940,1G4HE57YX6U134606,V6,11,Crimson,Indigo,26003,16161,249,2019
941,WBA3N5C54FK739658,V6,20,Red,Mauv,29095,17339,347,2019
942,WBAFU7C55CD677991,V4,7,Red,Green,33457,18801,357,2017
943,1C4RDJEG3FC637818,V4,9,Blue,Aquamarine,32647,19936,243,2020
944,3C3CFFHH1DT734619,V8,7,Orange,Aquamarine,33423,16060,53,2019
945,1FTEW1CF3FF294118,V4,12,Red,Aquamarine,33365,17225,239,2019
946,5FNRL5H26BB752663,V4,6,Violet,Orange,33842,19665,348,2020
947,3TMJU4GN6AM963999,V6,12,Indigo,Orange,29688,16904,1,2020
948,3N1CE2CP8FL252662,V8,8,Yellow,Orange,27374,19742,144,2020
949,3N1CN7AP4EL666908,V4,1,Fuscia,Crimson,25028,15486,267,2018
950,WAULF78K99N548487,V6,17,Mauv,Maroon,31648,18485,292,2019
951,1FTWF3D55AE163356,V6,20,Red,Puce,30431,15900,245,2020
952,1FADP5AU6EL646280,V8,19,Pink,Aquamarine,33779,18701,255,2019
953,2FMGK5BC8CB074517,V6,5,Red,Maroon,34923,15283,395,2017
954,JH4KA96662C078921,V4,18,Mauv,Teal,26578,17258,69,2020
955,3GYFNGE3XES010584,V4,18,Goldenrod,Fuscia,26264,18980,69,2019
956,WAUEH78E28A887935,V4,21,Yellow,Mauv,33356,18245,217,2017
957,1G4HR54K514618356,V6,22,Indigo,Goldenrod,28620,16875,252,2018
958,3GYFK66N34G201333,V8,13,Red,Pink,30891,15835,254,2020
959,1HGCR2E72FA499733,V8,11,Red,Purple,33863,17936,373,2019
960,5FNYF3H23DB519611,V6,4,Violet,Violet,33881,15601,126,2018
961,3VW1K7AJ4FM032077,V8,13,Mauv,Yellow,29089,15817,378,2018
962,WBAFR1C53BC120600,V6,24,Turquoise,Maroon,34428,18580,21,2019
963,WP0AB2A87CS118943,V8,22,Violet,Teal,34660,18048,137,2019
964,WAUKG78E36A644878,V6,8,Mauv,Indigo,34177,19646,306,2020
965,JN8AZ1MU9CW748426,V4,1,Green,Violet,30652,17309,340,2018
966,5N1AA0NE2EN267779,V6,8,Mauv,Blue,25761,17621,190,2019
967,1G4GC5GC0BF983857,V4,18,Orange,Fuscia,30573,15782,15,2020
968,1N6AA0EC9DN880285,V4,22,Mauv,Goldenrod,30062,19267,316,2018
969,WP0AB2A88CS243692,V4,23,Maroon,Orange,31138,18584,122,2020
970,5GAKVBKD7FJ299139,V6,25,Turquoise,Aquamarine,31734,19044,262,2019
971,137ZA90321E915197,V6,7,Indigo,Turquoise,34763,15862,114,2020
972,WAUVC68E43A581787,V8,16,Puce,Maroon,34661,18944,118,2019
973,1G6DW6EDXB0791285,V8,1,Aquamarine,Pink,29694,17622,71,2017
974,JM1CW2BL2D0635693,V8,17,Fuscia,Mauv,28590,19497,321,2020
975,SCFAB02A67G780481,V4,7,Blue,Red,34577,17867,382,2018
976,1C4SDJCT4DC142929,V6,21,Maroon,Orange,34912,17823,14,2017
977,JHMZF1C64DS354981,V8,4,Turquoise,Crimson,32392,19959,352,2019
978,1N6AA0CA5CN371116,V6,19,Fuscia,Aquamarine,31886,17347,201,2017
979,WBAEU33483P014795,V4,24,Goldenrod,Violet,30944,17159,279,2018
980,JH4DC43571S780218,V6,13,Yellow,Khaki,31582,19334,186,2019
981,1GYUKAEF9AR658342,V6,22,Goldenrod,Fuscia,29806,19941,286,2020
982,JN8AZ2KRXBT812252,V8,21,Pink,Crimson,33591,16404,281,2019
983,WAULFAFH3CN624507,V6,13,Teal,Turquoise,30065,19541,215,2020
984,WAUJC68E42A797779,V4,5,Goldenrod,Fuscia,34416,15126,252,2019
985,WBANU53529C404683,V8,12,Violet,Green,31948,15545,177,2019
986,YV126MFD3F1051059,V8,21,Mauv,Aquamarine,30193,17039,284,2018
987,ZHWGU6BZ3CL921639,V8,7,Yellow,Pink,25573,18404,323,2017
988,WBA3C1C51CF975624,V8,14,Crimson,Red,27567,17718,57,2019
989,19UUA66218A514764,V8,23,Khaki,Orange,31904,17180,324,2019
990,2C4RDGCG5ER865444,V6,25,Orange,Goldenrod,32336,18018,298,2017
991,5J6TF2H59FL519489,V4,24,Indigo,Aquamarine,28333,19881,283,2019
992,JH4DC53053S883537,V4,21,Indigo,Maroon,31178,16574,320,2019
993,WAUDH98E56A946240,V4,7,Green,Aquamarine,34639,19641,47,2019
994,3D73Y4HL2AG056696,V4,3,Yellow,Indigo,32836,19777,181,2019
995,WAUWGBFB7BN265091,V4,18,Turquoise,Violet,28860,15381,299,2019
996,1N6AF0KY9FN753931,V6,3,Puce,Turquoise,26019,16325,129,2017
997,3VWKP7AJ4DM147913,V6,18,Yellow,Indigo,28791,17448,86,2018
998,WBAWV53569P578671,V4,24,Green,Mauv,30730,15523,385,2020
999,3N1AB7AP8FL020742,V6,20,Red,Indigo,25661,16279,252,2018
1000,WAULC68E42A736781,V6,6,Purple,Blue,26141,15806,172,2018
